-- MariaDB dump 10.19  Distrib 10.6.5-MariaDB, for debian-linux-gnu (x86_64)
--
-- Host: localhost    Database: gdup_db
-- ------------------------------------------------------
-- Server version	10.6.5-MariaDB-1:10.6.5+maria~focal

/*!40101 SET @OLD_CHARACTER_SET_CLIENT=@@CHARACTER_SET_CLIENT */;
/*!40101 SET @OLD_CHARACTER_SET_RESULTS=@@CHARACTER_SET_RESULTS */;
/*!40101 SET @OLD_COLLATION_CONNECTION=@@COLLATION_CONNECTION */;
/*!40101 SET NAMES utf8mb4 */;
/*!40103 SET @OLD_TIME_ZONE=@@TIME_ZONE */;
/*!40103 SET TIME_ZONE='+00:00' */;
/*!40014 SET @OLD_UNIQUE_CHECKS=@@UNIQUE_CHECKS, UNIQUE_CHECKS=0 */;
/*!40014 SET @OLD_FOREIGN_KEY_CHECKS=@@FOREIGN_KEY_CHECKS, FOREIGN_KEY_CHECKS=0 */;
/*!40101 SET @OLD_SQL_MODE=@@SQL_MODE, SQL_MODE='NO_AUTO_VALUE_ON_ZERO' */;
/*!40111 SET @OLD_SQL_NOTES=@@SQL_NOTES, SQL_NOTES=0 */;

--
-- Table structure for table `clothing`
--

DROP TABLE IF EXISTS `clothing`;
/*!40101 SET @saved_cs_client     = @@character_set_client */;
/*!40101 SET character_set_client = utf8 */;
CREATE TABLE `clothing` (
  `clothingId` int(11) NOT NULL AUTO_INCREMENT,
  `age` varchar(10) DEFAULT NULL,
  `color` varchar(25) DEFAULT NULL,
  `cut` varchar(25) DEFAULT NULL,
  `design` varchar(25) DEFAULT NULL,
  `gender` varchar(10) DEFAULT NULL,
  `hood` varchar(25) DEFAULT NULL,
  `layers` varchar(25) DEFAULT NULL,
  `length` varchar(25) DEFAULT NULL,
  `material` varchar(25) DEFAULT NULL,
  `neckline` varchar(25) DEFAULT NULL,
  `pattern` varchar(25) DEFAULT NULL,
  `sleeves` varchar(25) DEFAULT NULL,
  `style` varchar(25) DEFAULT NULL,
  `subcategory` varchar(25) DEFAULT NULL,
  `registrationDate` timestamp NULL DEFAULT NULL,
  `userName` varchar(45) DEFAULT NULL,
  `imageId` int(11) DEFAULT NULL,
  `season` varchar(20) DEFAULT NULL,
  `topcategory` varchar(100) DEFAULT NULL,
  `category` varchar(100) DEFAULT NULL,
  `fit` varchar(25) DEFAULT NULL,
  `eco` varchar(10) DEFAULT NULL,
  PRIMARY KEY (`clothingId`),
  KEY `fk_clothing_user_idx` (`userName`),
  KEY `fk_clothing_image_idx` (`imageId`),
  CONSTRAINT `fk_clothing_image` FOREIGN KEY (`imageId`) REFERENCES `image` (`imageId`) ON DELETE CASCADE ON UPDATE CASCADE,
  CONSTRAINT `fk_clothing_user` FOREIGN KEY (`userName`) REFERENCES `user` (`userName`) ON DELETE CASCADE ON UPDATE CASCADE
) ENGINE=InnoDB AUTO_INCREMENT=119 DEFAULT CHARSET=utf8mb4;
/*!40101 SET character_set_client = @saved_cs_client */;

--
-- Dumping data for table `clothing`
--

LOCK TABLES `clothing` WRITE;
/*!40000 ALTER TABLE `clothing` DISABLE KEYS */;
INSERT INTO `clothing` VALUES (26,'성인','하얀색','단추','패턴','여성',NULL,NULL,NULL,'실크','칼라','도트','긴 소매',NULL,'블라우스','2022-02-15 14:46:00','jisoon',143,'여름',NULL,'상의',NULL,'천연'),(27,'성인','회색',NULL,'혼합물','여성',NULL,NULL,'롱','데님',NULL,NULL,NULL,'스포츠','운동복 바지','2022-02-15 14:47:23','jisoon',144,'여름',NULL,'바지','와이드','합성'),(30,'성인','빨간색',NULL,'혼합물','여성',NULL,NULL,NULL,'니트웨어','카울',NULL,'긴 소매','평상복','스웨터','2022-02-15 14:54:55','admin',147,NULL,NULL,'상의',NULL,'확인필요'),(31,'성인','빨간색',NULL,'혼합물','여성',NULL,NULL,NULL,'니트웨어','카울',NULL,'긴 소매','평상복','스웨터','2022-02-15 17:41:41','jisoon',152,'겨울',NULL,'상의',NULL,'확인필요'),(32,'성인','검정색',NULL,'텍스트','남성',NULL,NULL,NULL,'면','크루넥',NULL,'짧은 소매','평상복','티셔츠','2022-02-15 17:42:33','jisoon',153,'여름',NULL,'상의',NULL,'천연'),(33,'성인','하얀색','후크','플레인','여성',NULL,NULL,NULL,'실크','칼라',NULL,'긴 소매','우아한','셔츠','2022-02-15 17:45:57','jisoon',154,'여름',NULL,'상의',NULL,'천연'),(34,'성인','하얀색','단추','패턴','여성',NULL,NULL,NULL,'실크','칼라','도트','긴 소매',NULL,'블라우스','2022-02-15 18:09:08','jisoon',155,'여름',NULL,'상의',NULL,'천연'),(35,'성인','하얀색','후크','플레인','여성',NULL,NULL,NULL,'리넨','칼라',NULL,'긴 소매','우아한','셔츠','2022-02-16 01:30:58','admin',160,NULL,NULL,'상의',NULL,'천연'),(36,'성인','회색',NULL,'혼합물','여성',NULL,NULL,'롱','데님',NULL,NULL,NULL,'스포츠','운동복 바지','2022-02-16 10:34:09','admin',163,'여름',NULL,'바지','와이드','합성'),(38,'성인','하늘색',NULL,'플레인','남성',NULL,NULL,'보이지 않는','데님',NULL,NULL,NULL,'평상복','파일럿 재킷','2022-02-16 10:51:29','admin',166,'봄',NULL,'재킷 및 코트',NULL,'합성'),(39,'성인','하얀색','후크','플레인','여성',NULL,NULL,NULL,'실크','칼라',NULL,'긴 소매','우아한','셔츠','2022-02-16 10:51:38','admin',167,'여름',NULL,'상의',NULL,'천연'),(40,'성인','하늘색',NULL,'플레인','여성',NULL,NULL,'롱','데님',NULL,NULL,NULL,'평상복','청바지','2022-02-16 11:28:46','admin',170,'봄',NULL,'바지','와이드','합성'),(42,'성인','하늘색',NULL,'플레인','여성',NULL,NULL,'롱','데님',NULL,NULL,NULL,'평상복','청바지','2022-02-16 13:31:19','admin',179,NULL,NULL,'바지','와이드','합성'),(43,'성인','회색',NULL,'혼합물','여성',NULL,NULL,'롱','데님',NULL,NULL,NULL,'스포츠','운동복 바지','2022-02-16 14:24:12','jyj',181,'가을',NULL,'바지','와이드','합성'),(45,'성인','회색',NULL,'혼합물','여성',NULL,NULL,'롱','데님',NULL,NULL,NULL,'스포츠','운동복 바지','2022-02-16 18:26:29','admin',183,'여름',NULL,'바지','와이드','합성'),(46,'성인','회색',NULL,'혼합물','여성',NULL,NULL,'롱','데님',NULL,NULL,NULL,'스포츠','운동복 바지','2022-02-16 18:30:03','admin',184,'여름',NULL,'바지','와이드','합성'),(47,'성인','하얀색','단추','패턴','여성',NULL,NULL,NULL,'실크','칼라','도트','긴 소매',NULL,'블라우스','2022-02-16 18:36:51','admin',185,'여름',NULL,'상의',NULL,'천연'),(48,'성인','하얀색','단추','패턴','여성',NULL,NULL,NULL,'실크','칼라','도트','긴 소매',NULL,'블라우스','2022-02-16 18:46:57','jyj',188,'여름',NULL,'상의',NULL,'천연'),(49,'성인','다색',NULL,'패턴','남성',NULL,NULL,'숏','직물',NULL,'체크',NULL,'평상복','해링턴 재킷','2022-02-16 20:28:57','admin',190,NULL,NULL,'재킷 및 코트',NULL,'확인필요'),(50,'성인','빨간색',NULL,'혼합물','여성',NULL,NULL,NULL,'니트웨어','카울',NULL,'긴 소매','평상복','스웨터','2022-02-16 20:32:07','admin',191,NULL,NULL,'상의',NULL,'확인필요'),(51,'어린이','회색','단락','텍스트','남녀공용','후드 있음',NULL,NULL,'면','후드',NULL,'긴 소매','평상복','스웨트셔츠','2022-02-16 21:16:19','귤',198,'겨울',NULL,'상의',NULL,'천연'),(52,'성인','베이지색',NULL,'혼합물','여성',NULL,NULL,'롱','울',NULL,NULL,NULL,'우아한','트렌치 코트','2022-02-16 21:46:55','이지순',213,'가을',NULL,'재킷 및 코트',NULL,'천연'),(53,'성인','베이지색',NULL,'플레인','남녀공용',NULL,NULL,NULL,'실크','크루넥',NULL,'긴 소매','평상복','티셔츠','2022-02-16 21:49:53','이지순',214,'겨울',NULL,'상의',NULL,'천연'),(55,NULL,'핑크색',NULL,'플레인','여성',NULL,NULL,'미니','면',NULL,NULL,NULL,'우아한','플리츠 스커트','2022-02-16 22:47:41','이지순',216,'봄',NULL,'스커트',NULL,'천연'),(56,'성인','검정색','단추','플레인','여성',NULL,NULL,'미디','데님','칼라',NULL,'짧은 소매','평상복',NULL,'2022-02-16 22:48:42','이지순',217,'여름',NULL,'원피스',NULL,'합성'),(57,'성인','다크 블루 혹은 남색',NULL,'플레인','남녀공용',NULL,NULL,'롱','데님',NULL,NULL,NULL,'평상복','청바지','2022-02-16 22:49:23','이지순',218,'가을',NULL,'바지','스트레이트','합성'),(58,'성인','베이지색','어깨 끈','플레인','여성',NULL,NULL,'7/8',NULL,'크루넥',NULL,'소매 없는',NULL,'겨울 작업복','2022-02-16 22:50:10','이지순',219,'가을',NULL,'오버올','와이드',NULL),(59,'성인','검정색',NULL,'플레인','남성',NULL,NULL,'숏','인조',NULL,NULL,NULL,'평상복','해링턴 재킷','2022-02-16 22:50:43','이지순',220,'가을',NULL,'재킷 및 코트',NULL,'합성'),(60,'성인','회색',NULL,'플레인','남성',NULL,NULL,'3/4','데님',NULL,NULL,NULL,'스포츠',NULL,'2022-02-16 22:51:22','이지순',221,'여름',NULL,'바지','스트레이트','합성'),(61,NULL,'검정색',NULL,'플레인','여성',NULL,NULL,'미니','가죽',NULL,NULL,NULL,'우아한',NULL,'2022-02-16 22:52:06','이지순',222,'가을',NULL,'스커트',NULL,'천연'),(62,'성인','다색',NULL,'패턴','여성',NULL,NULL,'미디','레이스','랩 드레스','기타','3/4 소매','칵테일 드레스','블라우스 드레스','2022-02-16 22:52:55','이지순',223,'여름',NULL,'원피스',NULL,'합성'),(63,'성인','베이지색','단락','패턴','여성',NULL,NULL,NULL,'니트웨어','보트넥','스트라이프','긴 소매','평상복','스웨터','2022-02-16 22:53:38','이지순',224,'겨울',NULL,'상의',NULL,'확인필요'),(64,'성인','검정색',NULL,'텍스트','남성',NULL,NULL,NULL,'면','크루넥',NULL,'짧은 소매','평상복','티셔츠','2022-02-16 22:56:34','이지순',225,'여름',NULL,'상의',NULL,'천연'),(65,'성인','회색',NULL,'혼합물','여성',NULL,NULL,'7/8','리넨',NULL,NULL,NULL,'스포츠','운동복 바지','2022-02-16 22:57:44','이지순',226,'겨울',NULL,'바지','와이드','천연'),(66,'성인','검정색',NULL,'플레인','남성',NULL,NULL,'숏','가죽 및 스웨이드',NULL,NULL,NULL,'평상복','바이커 재킷','2022-02-16 22:59:15','이지순',227,NULL,NULL,'재킷 및 코트',NULL,'확인필요'),(68,NULL,'회색',NULL,'혼합물','여성',NULL,NULL,'미디','스웨이드',NULL,NULL,NULL,'우아한','펜슬 스커트 & 스트레이트 스커트','2022-02-16 23:20:38','이지순',230,'겨울',NULL,'스커트',NULL,'확인필요'),(69,'성인','하늘색',NULL,'플레인','남녀공용',NULL,NULL,NULL,'니트웨어','라운드 넥',NULL,'긴 소매','평상복','스웨터','2022-02-16 23:26:55','이지순',231,'겨울',NULL,'상의',NULL,'확인필요'),(72,'성인','하늘색',NULL,'플레인','여성',NULL,NULL,'롱','데님',NULL,NULL,NULL,'평상복','청바지','2022-02-16 23:35:44','이지순',234,'여름',NULL,'바지','와이드','합성'),(77,'성인','검정색',NULL,'텍스트','남성',NULL,NULL,NULL,'면','크루넥',NULL,'짧은 소매','평상복','티셔츠','2022-02-17 10:12:33','admin',276,'여름',NULL,'상의',NULL,'천연'),(78,'성인','하얀색','단추','패턴','여성',NULL,NULL,NULL,'실크','칼라','도트','긴 소매',NULL,'블라우스','2022-02-17 13:41:19','admin',281,'가을',NULL,'상의',NULL,'천연'),(79,'성인','베이지색','후크','플레인','남성',NULL,NULL,NULL,'면','칼라',NULL,'긴 소매','평상복','셔츠','2022-02-17 15:27:31','김실험',282,'봄',NULL,'상의',NULL,'천연'),(80,'성인','다크 블루 혹은 남색','단추','플레인','남성',NULL,NULL,NULL,'면','칼라',NULL,'긴 소매','우아한','셔츠','2022-02-17 15:28:29','김실험',283,NULL,NULL,'상의',NULL,'천연'),(81,'성인','하늘색',NULL,'패턴','남성',NULL,NULL,'롱','데님',NULL,'도트',NULL,'스포츠','비치 팬츠','2022-02-17 15:30:41','admin',284,'가을',NULL,'바지','스트레이트','합성'),(82,'성인','검정색',NULL,'플레인','남성',NULL,NULL,'숏','가죽 및 스웨이드',NULL,NULL,NULL,'평상복','바이커 재킷','2022-02-17 15:31:26','admin',285,'여름',NULL,'재킷 및 코트',NULL,'확인필요'),(83,'성인','갈색',NULL,'플레인','남성',NULL,NULL,'미들','울',NULL,NULL,NULL,'우아한',NULL,'2022-02-17 19:29:23','이지순',287,'겨울',NULL,'재킷 및 코트',NULL,'천연'),(84,'성인','회색',NULL,'혼합물','여성',NULL,NULL,'롱','데님',NULL,NULL,NULL,'스포츠','운동복 바지','2022-02-17 19:45:53','yj',288,'가을',NULL,'바지','와이드','합성'),(85,'성인','회색',NULL,'혼합물','여성',NULL,NULL,'미니','트위드','브이넥',NULL,'짧은 소매','평상복',NULL,'2022-02-17 22:04:53','이지현',289,'여름',NULL,'원피스',NULL,'확인필요'),(86,'성인','베이지색',NULL,'패턴','여성',NULL,NULL,NULL,'니트웨어','크루넥','갈매기','긴 소매','평상복','스웨터','2022-02-17 22:07:16','이지현',290,'겨울',NULL,'상의',NULL,'확인필요'),(87,'성인','회색',NULL,'플레인','남성',NULL,NULL,NULL,'면','크루넥',NULL,'긴 소매','평상복','스웨트셔츠','2022-02-17 23:41:50','태호',291,'가을',NULL,'상의',NULL,'천연'),(88,'성인','다크 블루 혹은 남색',NULL,'심벌 마크','남성',NULL,NULL,NULL,'면','크루넥',NULL,'긴 소매','평상복','스웨트셔츠','2022-02-17 23:42:14','태호',292,'가을',NULL,'상의',NULL,'천연'),(90,'성인','회색',NULL,'혼합물','남녀공용','후드 있음',NULL,'숏','인조',NULL,NULL,NULL,'스포츠',NULL,'2022-02-17 23:43:30','태호',294,'가을',NULL,'재킷 및 코트',NULL,'합성'),(91,'성인','베이지색',NULL,'플레인','남성',NULL,NULL,'롱','리넨',NULL,NULL,NULL,'우아한','양복 바지','2022-02-17 23:44:01','태호',295,NULL,NULL,'바지','스트레이트','천연'),(92,'성인','회색',NULL,'플레인','남성',NULL,NULL,'롱',NULL,NULL,NULL,NULL,'평상복',NULL,'2022-02-17 23:44:16','태호',296,NULL,NULL,'바지','스트레이트',NULL),(93,'성인','검정색',NULL,'심벌 마크','여성',NULL,NULL,'롱','데님',NULL,NULL,NULL,'스포츠','운동복 바지','2022-02-17 23:44:46','태호',297,'봄',NULL,'바지','슬림','합성'),(94,'성인','회색',NULL,'혼합물','남성',NULL,NULL,'롱',NULL,NULL,NULL,NULL,'평상복','운동복 바지','2022-02-17 23:45:07','태호',298,'봄',NULL,'바지','와이드',NULL),(98,'성인','검정색',NULL,'플레인','남성',NULL,NULL,'숏','직물',NULL,NULL,NULL,'평상복','해링턴 재킷','2022-02-17 23:59:42','태호',302,'가을',NULL,'재킷 및 코트',NULL,'확인필요'),(100,'성인','검정색',NULL,'플레인','남성',NULL,NULL,'롱','울',NULL,NULL,NULL,'평상복',NULL,'2022-02-18 00:01:30','태호',304,'겨울',NULL,'재킷 및 코트',NULL,'천연'),(101,'성인','하얀색',NULL,'심벌 마크','남성',NULL,NULL,NULL,'면','크루넥',NULL,'긴 소매','평상복','스웨트셔츠','2022-02-18 00:08:24','태호',305,'봄',NULL,'상의',NULL,'천연'),(102,'성인','검정색',NULL,'사진','남녀공용',NULL,NULL,NULL,'면','크루넥',NULL,'긴 소매','평상복','스웨트셔츠','2022-02-18 00:08:43','태호',306,'가을',NULL,'상의',NULL,'천연'),(103,'성인','검정색',NULL,'플레인','남성',NULL,NULL,NULL,'면','크루넥',NULL,'긴 소매','평상복','스웨트셔츠','2022-02-18 00:09:03','태호',307,'가을',NULL,'상의',NULL,'천연'),(104,'성인','다색','단추','패턴','남성',NULL,NULL,NULL,'면','칼라','체크','긴 소매','평상복','셔츠','2022-02-18 00:09:22','태호',308,'봄',NULL,'상의',NULL,'천연'),(105,'성인','하늘색','단추','플레인','남성',NULL,NULL,NULL,'면','칼라',NULL,'긴 소매',NULL,'셔츠','2022-02-18 00:09:39','태호',309,'봄',NULL,'상의',NULL,'천연'),(106,'성인','하얀색','단추','플레인','남성',NULL,NULL,NULL,'면','칼라',NULL,'긴 소매','우아한','셔츠','2022-02-18 00:09:58','태호',310,'가을',NULL,'상의',NULL,'천연'),(107,'성인','갈색',NULL,'플레인','남성',NULL,NULL,'숏','가죽 및 스웨이드',NULL,NULL,NULL,'평상복','해링턴 재킷','2022-02-18 00:10:21','태호',311,'봄',NULL,'재킷 및 코트',NULL,'확인필요'),(108,'성인','하늘색',NULL,'플레인','남성',NULL,NULL,'롱','데님',NULL,NULL,NULL,'평상복',NULL,'2022-02-18 00:10:40','태호',312,'여름',NULL,'바지','스트레이트','합성'),(109,'성인','검정색',NULL,'심벌 마크','여성',NULL,NULL,'숏','소프트쉘',NULL,NULL,NULL,'평상복','해링턴 재킷','2022-02-18 00:11:09','태호',313,NULL,NULL,'재킷 및 코트',NULL,'합성'),(111,'성인','다색','후크','패턴','여성',NULL,NULL,NULL,'면','칼라','스트라이프','긴 소매',NULL,'셔츠','2022-02-18 02:16:39','김유진',326,'봄',NULL,'상의',NULL,'천연'),(112,'성인','회색',NULL,'혼합물','남녀공용',NULL,NULL,NULL,NULL,'라운드 넥',NULL,'긴 소매','평상복','스웨트셔츠','2022-02-18 02:21:20','김유진',327,'가을',NULL,'상의',NULL,NULL),(113,'성인','검정색',NULL,'플레인','여성',NULL,NULL,'7/8','실크',NULL,NULL,NULL,'우아한','양복 바지','2022-02-18 02:24:07','김유진',328,NULL,NULL,'바지','스트레이트','천연'),(114,NULL,NULL,NULL,NULL,NULL,NULL,NULL,NULL,NULL,NULL,NULL,NULL,NULL,NULL,'2022-02-18 02:37:15',NULL,329,'봄',NULL,NULL,NULL,NULL),(115,'성인','다크 블루 혹은 남색',NULL,'플레인','남성',NULL,NULL,'롱','데님',NULL,NULL,NULL,'평상복',NULL,'2022-02-18 03:41:30','김유진',333,NULL,NULL,'바지','스트레이트','합성'),(116,'성인','하얀색','단추','패턴','남성',NULL,NULL,NULL,'니트웨어','브이넥','체크','긴 소매','평상복','가디건','2022-02-18 04:23:18','이지순',334,NULL,NULL,'상의',NULL,'확인필요'),(117,'성인','다크 블루 혹은 남색','단추','플레인','남성',NULL,NULL,NULL,'면','칼라',NULL,'긴 소매','우아한','셔츠','2022-02-18 09:41:27','admin',338,NULL,NULL,'상의',NULL,'천연');
/*!40000 ALTER TABLE `clothing` ENABLE KEYS */;
UNLOCK TABLES;

--
-- Table structure for table `clothing_hashtag`
--

DROP TABLE IF EXISTS `clothing_hashtag`;
/*!40101 SET @saved_cs_client     = @@character_set_client */;
/*!40101 SET character_set_client = utf8 */;
CREATE TABLE `clothing_hashtag` (
  `tagName` varchar(100) NOT NULL,
  `registrationDate` timestamp NULL DEFAULT NULL,
  `clothingId` int(11) NOT NULL,
  PRIMARY KEY (`clothingId`,`tagName`),
  KEY `fk_hashtag_clothing_hashtag_idx` (`tagName`),
  CONSTRAINT `fk_clothing_clothing_hashtag` FOREIGN KEY (`clothingId`) REFERENCES `clothing` (`clothingId`) ON DELETE CASCADE ON UPDATE CASCADE,
  CONSTRAINT `fk_hashtag_clothing_hashtag` FOREIGN KEY (`tagName`) REFERENCES `hashtag` (`tagName`) ON DELETE NO ACTION ON UPDATE NO ACTION
) ENGINE=InnoDB DEFAULT CHARSET=utf8mb4;
/*!40101 SET character_set_client = @saved_cs_client */;

--
-- Dumping data for table `clothing_hashtag`
--

LOCK TABLES `clothing_hashtag` WRITE;
/*!40000 ALTER TABLE `clothing_hashtag` DISABLE KEYS */;
INSERT INTO `clothing_hashtag` VALUES ('#긴','2022-02-15 14:46:00',26),('#단추','2022-02-15 14:46:00',26),('#도트','2022-02-15 14:46:00',26),('#블라우스','2022-02-15 14:46:00',26),('#상의','2022-02-15 14:46:00',26),('#성인','2022-02-15 14:46:00',26),('#실크','2022-02-15 14:46:00',26),('#여성','2022-02-15 14:46:00',26),('#옷','2022-02-15 14:46:00',26),('#칼라','2022-02-15 14:46:00',26),('#패턴','2022-02-15 14:46:00',26),('#하얀색','2022-02-15 14:46:00',26),('소매','2022-02-15 14:46:00',26),('#데님','2022-02-15 14:47:23',27),('#롱','2022-02-15 14:47:23',27),('#바지','2022-02-15 14:47:23',27),('#성인','2022-02-15 14:47:23',27),('#스포츠','2022-02-15 14:47:23',27),('#여성','2022-02-15 14:47:23',27),('#옷','2022-02-15 14:47:23',27),('#와이드','2022-02-15 14:47:23',27),('#운동복','2022-02-15 14:47:23',27),('#혼합물','2022-02-15 14:47:23',27),('#회색','2022-02-15 14:47:23',27),('바지','2022-02-15 14:47:23',27),('빨간스웨터','2022-02-15 14:54:55',30),('크리스마스','2022-02-15 14:54:55',30),('할머니','2022-02-15 14:54:55',30),('#긴','2022-02-15 17:41:41',31),('#니트웨어','2022-02-15 17:41:41',31),('#빨간색','2022-02-15 17:41:41',31),('#상의','2022-02-15 17:41:41',31),('#성인','2022-02-15 17:41:41',31),('#스웨터','2022-02-15 17:41:41',31),('#여성','2022-02-15 17:41:41',31),('#옷','2022-02-15 17:41:41',31),('#카울','2022-02-15 17:41:41',31),('#평상복','2022-02-15 17:41:41',31),('#혼합물','2022-02-15 17:41:41',31),('소매','2022-02-15 17:41:41',31),('#검정색','2022-02-15 17:42:33',32),('#남성','2022-02-15 17:42:33',32),('#면','2022-02-15 17:42:33',32),('#상의','2022-02-15 17:42:33',32),('#성인','2022-02-15 17:42:33',32),('#옷','2022-02-15 17:42:33',32),('#짧은','2022-02-15 17:42:33',32),('#크루넥','2022-02-15 17:42:33',32),('#텍스트','2022-02-15 17:42:33',32),('#티셔츠','2022-02-15 17:42:33',32),('#평상복','2022-02-15 17:42:33',32),('소매','2022-02-15 17:42:33',32),('#긴','2022-02-15 17:45:57',33),('#상의','2022-02-15 17:45:57',33),('#성인','2022-02-15 17:45:57',33),('#셔츠','2022-02-15 17:45:57',33),('#실크','2022-02-15 17:45:57',33),('#여성','2022-02-15 17:45:57',33),('#옷','2022-02-15 17:45:57',33),('#우아한','2022-02-15 17:45:57',33),('#칼라','2022-02-15 17:45:57',33),('#플레인','2022-02-15 17:45:57',33),('#하얀색','2022-02-15 17:45:57',33),('#후크','2022-02-15 17:45:57',33),('소매','2022-02-15 17:45:57',33),('#긴','2022-02-15 18:09:08',34),('#단추','2022-02-15 18:09:08',34),('#도트','2022-02-15 18:09:08',34),('#블라우스','2022-02-15 18:09:08',34),('#상의','2022-02-15 18:09:08',34),('#성인','2022-02-15 18:09:08',34),('#실크','2022-02-15 18:09:08',34),('#여성','2022-02-15 18:09:08',34),('#옷','2022-02-15 18:09:08',34),('#칼라','2022-02-15 18:09:08',34),('#패턴','2022-02-15 18:09:08',34),('#하얀색','2022-02-15 18:09:08',34),('소매','2022-02-15 18:09:08',34),('#긴','2022-02-16 01:30:58',35),('#리넨','2022-02-16 01:30:58',35),('#상의','2022-02-16 01:30:58',35),('#성인','2022-02-16 01:30:58',35),('#셔츠','2022-02-16 01:30:58',35),('#여성','2022-02-16 01:30:58',35),('#옷','2022-02-16 01:30:58',35),('#우아한','2022-02-16 01:30:58',35),('#칼라','2022-02-16 01:30:58',35),('#플레인','2022-02-16 01:30:58',35),('#하얀색','2022-02-16 01:30:58',35),('#후크','2022-02-16 01:30:58',35),('소매','2022-02-16 01:30:58',35),('#데님','2022-02-16 10:34:09',36),('#롱','2022-02-16 10:34:09',36),('#바지','2022-02-16 10:34:09',36),('#성인','2022-02-16 10:34:09',36),('#스포츠','2022-02-16 10:34:09',36),('#여성','2022-02-16 10:34:09',36),('#옷','2022-02-16 10:34:09',36),('#와이드','2022-02-16 10:34:09',36),('#운동복','2022-02-16 10:34:09',36),('#혼합물','2022-02-16 10:34:09',36),('#회색','2022-02-16 10:34:09',36),('바지','2022-02-16 10:34:09',36),('#남성','2022-02-16 10:51:29',38),('#데님','2022-02-16 10:51:29',38),('#보이지','2022-02-16 10:51:29',38),('#성인','2022-02-16 10:51:29',38),('#옷','2022-02-16 10:51:29',38),('#재킷','2022-02-16 10:51:29',38),('#파일럿','2022-02-16 10:51:29',38),('#평상복','2022-02-16 10:51:29',38),('#플레인','2022-02-16 10:51:29',38),('#하늘색','2022-02-16 10:51:29',38),('및','2022-02-16 10:51:29',38),('않는','2022-02-16 10:51:29',38),('재킷','2022-02-16 10:51:29',38),('코트','2022-02-16 10:51:29',38),('#긴','2022-02-16 10:51:38',39),('#상의','2022-02-16 10:51:38',39),('#성인','2022-02-16 10:51:38',39),('#셔츠','2022-02-16 10:51:38',39),('#실크','2022-02-16 10:51:38',39),('#여성','2022-02-16 10:51:38',39),('#옷','2022-02-16 10:51:38',39),('#우아한','2022-02-16 10:51:38',39),('#칼라','2022-02-16 10:51:38',39),('#플레인','2022-02-16 10:51:38',39),('#하얀색','2022-02-16 10:51:38',39),('#후크','2022-02-16 10:51:38',39),('소매','2022-02-16 10:51:38',39),('#데님','2022-02-16 11:28:46',40),('#롱','2022-02-16 11:28:46',40),('#바지','2022-02-16 11:28:46',40),('#성인','2022-02-16 11:28:46',40),('#여성','2022-02-16 11:28:46',40),('#옷','2022-02-16 11:28:46',40),('#와이드','2022-02-16 11:28:46',40),('#청바지','2022-02-16 11:28:46',40),('#평상복','2022-02-16 11:28:46',40),('#플레인','2022-02-16 11:28:46',40),('#하늘색','2022-02-16 11:28:46',40),('#데님','2022-02-16 13:31:19',42),('#롱','2022-02-16 13:31:19',42),('#바지','2022-02-16 13:31:19',42),('#성인','2022-02-16 13:31:19',42),('#여성','2022-02-16 13:31:19',42),('#옷','2022-02-16 13:31:19',42),('#와이드','2022-02-16 13:31:19',42),('#청바지','2022-02-16 13:31:19',42),('#평상복','2022-02-16 13:31:19',42),('#플레인','2022-02-16 13:31:19',42),('#하늘색','2022-02-16 13:31:19',42),('#데님','2022-02-16 14:24:12',43),('#롱','2022-02-16 14:24:12',43),('#바지','2022-02-16 14:24:12',43),('#성인','2022-02-16 14:24:12',43),('#스포츠','2022-02-16 14:24:12',43),('#여성','2022-02-16 14:24:12',43),('#옷','2022-02-16 14:24:12',43),('#와이드','2022-02-16 14:24:12',43),('#운동복','2022-02-16 14:24:12',43),('#혼합물','2022-02-16 14:24:12',43),('#회색','2022-02-16 14:24:12',43),('바지','2022-02-16 14:24:12',43),('#데님','2022-02-16 18:26:29',45),('#롱','2022-02-16 18:26:29',45),('#바지','2022-02-16 18:26:29',45),('#성인','2022-02-16 18:26:29',45),('#스포츠','2022-02-16 18:26:29',45),('#여성','2022-02-16 18:26:29',45),('#옷','2022-02-16 18:26:29',45),('#와이드','2022-02-16 18:26:29',45),('#운동복','2022-02-16 18:26:29',45),('#혼합물','2022-02-16 18:26:29',45),('#회색','2022-02-16 18:26:29',45),('바지','2022-02-16 18:26:29',45),('#데님','2022-02-16 18:30:03',46),('#롱','2022-02-16 18:30:03',46),('#바지','2022-02-16 18:30:03',46),('#성인','2022-02-16 18:30:03',46),('#스포츠','2022-02-16 18:30:03',46),('#여성','2022-02-16 18:30:03',46),('#옷','2022-02-16 18:30:03',46),('#와이드','2022-02-16 18:30:03',46),('#운동복','2022-02-16 18:30:03',46),('#혼합물','2022-02-16 18:30:03',46),('#회색','2022-02-16 18:30:03',46),('바지','2022-02-16 18:30:03',46),('#긴','2022-02-16 18:36:51',47),('#단추','2022-02-16 18:36:51',47),('#도트','2022-02-16 18:36:51',47),('#블라우스','2022-02-16 18:36:51',47),('#상의','2022-02-16 18:36:51',47),('#성인','2022-02-16 18:36:51',47),('#실크','2022-02-16 18:36:51',47),('#여성','2022-02-16 18:36:51',47),('#옷','2022-02-16 18:36:51',47),('#칼라','2022-02-16 18:36:51',47),('#패턴','2022-02-16 18:36:51',47),('#하얀색','2022-02-16 18:36:51',47),('소매','2022-02-16 18:36:51',47),('#긴','2022-02-16 18:46:57',48),('#단추','2022-02-16 18:46:57',48),('#도트','2022-02-16 18:46:57',48),('#블라우스','2022-02-16 18:46:57',48),('#상의','2022-02-16 18:46:57',48),('#성인','2022-02-16 18:46:57',48),('#실크','2022-02-16 18:46:57',48),('#여성','2022-02-16 18:46:57',48),('#옷','2022-02-16 18:46:57',48),('#칼라','2022-02-16 18:46:57',48),('#패턴','2022-02-16 18:46:57',48),('#하얀색','2022-02-16 18:46:57',48),('소매','2022-02-16 18:46:57',48),('#남성','2022-02-16 20:28:57',49),('#다색','2022-02-16 20:28:57',49),('#성인','2022-02-16 20:28:57',49),('#숏','2022-02-16 20:28:57',49),('#옷','2022-02-16 20:28:57',49),('#재킷','2022-02-16 20:28:57',49),('#직물','2022-02-16 20:28:57',49),('#체크','2022-02-16 20:28:57',49),('#패턴','2022-02-16 20:28:57',49),('#평상복','2022-02-16 20:28:57',49),('#해링턴','2022-02-16 20:28:57',49),('및','2022-02-16 20:28:57',49),('재킷','2022-02-16 20:28:57',49),('코트','2022-02-16 20:28:57',49),('#긴','2022-02-16 20:32:07',50),('#니트웨어','2022-02-16 20:32:07',50),('#빨간색','2022-02-16 20:32:07',50),('#상의','2022-02-16 20:32:07',50),('#성인','2022-02-16 20:32:07',50),('#스웨터','2022-02-16 20:32:07',50),('#여성','2022-02-16 20:32:07',50),('#옷','2022-02-16 20:32:07',50),('#카울','2022-02-16 20:32:07',50),('#평상복','2022-02-16 20:32:07',50),('#혼합물','2022-02-16 20:32:07',50),('소매','2022-02-16 20:32:07',50),('#긴','2022-02-16 21:16:19',51),('#남녀공용','2022-02-16 21:16:19',51),('#단락','2022-02-16 21:16:19',51),('#면','2022-02-16 21:16:19',51),('#상의','2022-02-16 21:16:19',51),('#스웨트셔츠','2022-02-16 21:16:19',51),('#어린이','2022-02-16 21:16:19',51),('#옷','2022-02-16 21:16:19',51),('#텍스트','2022-02-16 21:16:19',51),('#평상복','2022-02-16 21:16:19',51),('#회색','2022-02-16 21:16:19',51),('#후드','2022-02-16 21:16:19',51),('소매','2022-02-16 21:16:19',51),('있음','2022-02-16 21:16:19',51),('#롱','2022-02-16 21:46:55',52),('#베이지색','2022-02-16 21:46:55',52),('#성인','2022-02-16 21:46:55',52),('#여성','2022-02-16 21:46:55',52),('#옷','2022-02-16 21:46:55',52),('#우아한','2022-02-16 21:46:55',52),('#울','2022-02-16 21:46:55',52),('#재킷','2022-02-16 21:46:55',52),('#트렌치','2022-02-16 21:46:55',52),('#혼합물','2022-02-16 21:46:55',52),('및','2022-02-16 21:46:55',52),('코트','2022-02-16 21:46:55',52),('#긴','2022-02-16 21:49:53',53),('#남녀공용','2022-02-16 21:49:53',53),('#베이지색','2022-02-16 21:49:53',53),('#상의','2022-02-16 21:49:53',53),('#성인','2022-02-16 21:49:53',53),('#실크','2022-02-16 21:49:53',53),('#옷','2022-02-16 21:49:53',53),('#크루넥','2022-02-16 21:49:53',53),('#티셔츠','2022-02-16 21:49:53',53),('#평상복','2022-02-16 21:49:53',53),('#플레인','2022-02-16 21:49:53',53),('소매','2022-02-16 21:49:53',53),('#면','2022-02-16 22:47:41',55),('#미니','2022-02-16 22:47:41',55),('#스커트','2022-02-16 22:47:41',55),('#여성','2022-02-16 22:47:41',55),('#옷','2022-02-16 22:47:41',55),('#우아한','2022-02-16 22:47:41',55),('#플레인','2022-02-16 22:47:41',55),('#플리츠','2022-02-16 22:47:41',55),('#핑크색','2022-02-16 22:47:41',55),('스커트','2022-02-16 22:47:41',55),('#검정색','2022-02-16 22:48:42',56),('#단추','2022-02-16 22:48:42',56),('#데님','2022-02-16 22:48:42',56),('#미디','2022-02-16 22:48:42',56),('#성인','2022-02-16 22:48:42',56),('#여성','2022-02-16 22:48:42',56),('#옷','2022-02-16 22:48:42',56),('#원피스','2022-02-16 22:48:42',56),('#짧은','2022-02-16 22:48:42',56),('#칼라','2022-02-16 22:48:42',56),('#평상복','2022-02-16 22:48:42',56),('#플레인','2022-02-16 22:48:42',56),('소매','2022-02-16 22:48:42',56),('#남녀공용','2022-02-16 22:49:23',57),('#다크','2022-02-16 22:49:23',57),('#데님','2022-02-16 22:49:23',57),('#롱','2022-02-16 22:49:23',57),('#바지','2022-02-16 22:49:23',57),('#성인','2022-02-16 22:49:23',57),('#스트레이트','2022-02-16 22:49:23',57),('#옷','2022-02-16 22:49:23',57),('#청바지','2022-02-16 22:49:23',57),('#평상복','2022-02-16 22:49:23',57),('#플레인','2022-02-16 22:49:23',57),('남색','2022-02-16 22:49:23',57),('블루','2022-02-16 22:49:23',57),('혹은','2022-02-16 22:49:23',57),('#7/8','2022-02-16 22:50:10',58),('#겨울','2022-02-16 22:50:10',58),('#베이지색','2022-02-16 22:50:10',58),('#성인','2022-02-16 22:50:10',58),('#소매','2022-02-16 22:50:10',58),('#어깨','2022-02-16 22:50:10',58),('#여성','2022-02-16 22:50:10',58),('#오버올','2022-02-16 22:50:10',58),('#옷','2022-02-16 22:50:10',58),('#와이드','2022-02-16 22:50:10',58),('#크루넥','2022-02-16 22:50:10',58),('#플레인','2022-02-16 22:50:10',58),('끈','2022-02-16 22:50:10',58),('없는','2022-02-16 22:50:10',58),('작업복','2022-02-16 22:50:10',58),('#검정색','2022-02-16 22:50:43',59),('#남성','2022-02-16 22:50:43',59),('#성인','2022-02-16 22:50:43',59),('#숏','2022-02-16 22:50:43',59),('#옷','2022-02-16 22:50:43',59),('#인조','2022-02-16 22:50:43',59),('#재킷','2022-02-16 22:50:43',59),('#평상복','2022-02-16 22:50:43',59),('#플레인','2022-02-16 22:50:43',59),('#해링턴','2022-02-16 22:50:43',59),('및','2022-02-16 22:50:43',59),('재킷','2022-02-16 22:50:43',59),('코트','2022-02-16 22:50:43',59),('#3/4','2022-02-16 22:51:22',60),('#남성','2022-02-16 22:51:22',60),('#데님','2022-02-16 22:51:22',60),('#바지','2022-02-16 22:51:22',60),('#성인','2022-02-16 22:51:22',60),('#스트레이트','2022-02-16 22:51:22',60),('#스포츠','2022-02-16 22:51:22',60),('#옷','2022-02-16 22:51:22',60),('#플레인','2022-02-16 22:51:22',60),('#회색','2022-02-16 22:51:22',60),('#가죽','2022-02-16 22:52:06',61),('#검정색','2022-02-16 22:52:06',61),('#미니','2022-02-16 22:52:06',61),('#스커트','2022-02-16 22:52:06',61),('#여성','2022-02-16 22:52:06',61),('#옷','2022-02-16 22:52:06',61),('#우아한','2022-02-16 22:52:06',61),('#플레인','2022-02-16 22:52:06',61),('#3/4','2022-02-16 22:52:55',62),('#기타','2022-02-16 22:52:55',62),('#다색','2022-02-16 22:52:55',62),('#랩','2022-02-16 22:52:55',62),('#레이스','2022-02-16 22:52:55',62),('#미디','2022-02-16 22:52:55',62),('#블라우스','2022-02-16 22:52:55',62),('#성인','2022-02-16 22:52:55',62),('#여성','2022-02-16 22:52:55',62),('#옷','2022-02-16 22:52:55',62),('#원피스','2022-02-16 22:52:55',62),('#칵테일','2022-02-16 22:52:55',62),('#패턴','2022-02-16 22:52:55',62),('드레스','2022-02-16 22:52:55',62),('소매','2022-02-16 22:52:55',62),('#긴','2022-02-16 22:53:38',63),('#니트웨어','2022-02-16 22:53:38',63),('#단락','2022-02-16 22:53:38',63),('#베이지색','2022-02-16 22:53:38',63),('#보트넥','2022-02-16 22:53:38',63),('#상의','2022-02-16 22:53:38',63),('#성인','2022-02-16 22:53:38',63),('#스웨터','2022-02-16 22:53:38',63),('#스트라이프','2022-02-16 22:53:38',63),('#여성','2022-02-16 22:53:38',63),('#옷','2022-02-16 22:53:38',63),('#패턴','2022-02-16 22:53:38',63),('#평상복','2022-02-16 22:53:38',63),('소매','2022-02-16 22:53:38',63),('#검정색','2022-02-16 22:56:34',64),('#남성','2022-02-16 22:56:34',64),('#면','2022-02-16 22:56:34',64),('#상의','2022-02-16 22:56:34',64),('#성인','2022-02-16 22:56:34',64),('#옷','2022-02-16 22:56:34',64),('#짧은','2022-02-16 22:56:34',64),('#크루넥','2022-02-16 22:56:34',64),('#텍스트','2022-02-16 22:56:34',64),('#티셔츠','2022-02-16 22:56:34',64),('#평상복','2022-02-16 22:56:34',64),('소매','2022-02-16 22:56:34',64),('#7/8','2022-02-16 22:57:44',65),('#리넨','2022-02-16 22:57:44',65),('#바지','2022-02-16 22:57:44',65),('#성인','2022-02-16 22:57:44',65),('#스포츠','2022-02-16 22:57:44',65),('#여성','2022-02-16 22:57:44',65),('#옷','2022-02-16 22:57:44',65),('#와이드','2022-02-16 22:57:44',65),('#운동복','2022-02-16 22:57:44',65),('#혼합물','2022-02-16 22:57:44',65),('#회색','2022-02-16 22:57:44',65),('바지','2022-02-16 22:57:44',65),('#가죽','2022-02-16 22:59:15',66),('#검정색','2022-02-16 22:59:15',66),('#남성','2022-02-16 22:59:15',66),('#바이커','2022-02-16 22:59:15',66),('#성인','2022-02-16 22:59:15',66),('#숏','2022-02-16 22:59:15',66),('#옷','2022-02-16 22:59:15',66),('#재킷','2022-02-16 22:59:15',66),('#평상복','2022-02-16 22:59:15',66),('#플레인','2022-02-16 22:59:15',66),('및','2022-02-16 22:59:15',66),('스웨이드','2022-02-16 22:59:15',66),('재킷','2022-02-16 22:59:15',66),('코트','2022-02-16 22:59:15',66),('#미디','2022-02-16 23:20:38',68),('#스웨이드','2022-02-16 23:20:38',68),('#스커트','2022-02-16 23:20:38',68),('#여성','2022-02-16 23:20:38',68),('#옷','2022-02-16 23:20:38',68),('#우아한','2022-02-16 23:20:38',68),('#펜슬','2022-02-16 23:20:38',68),('#혼합물','2022-02-16 23:20:38',68),('#회색','2022-02-16 23:20:38',68),('&','2022-02-16 23:20:38',68),('스커트','2022-02-16 23:20:38',68),('스트레이트','2022-02-16 23:20:38',68),('#긴','2022-02-16 23:26:55',69),('#남녀공용','2022-02-16 23:26:55',69),('#니트웨어','2022-02-16 23:26:55',69),('#라운드','2022-02-16 23:26:55',69),('#상의','2022-02-16 23:26:55',69),('#성인','2022-02-16 23:26:55',69),('#스웨터','2022-02-16 23:26:55',69),('#옷','2022-02-16 23:26:55',69),('#평상복','2022-02-16 23:26:55',69),('#플레인','2022-02-16 23:26:55',69),('#하늘색','2022-02-16 23:26:55',69),('넥','2022-02-16 23:26:55',69),('소매','2022-02-16 23:26:55',69),('#데님','2022-02-16 23:35:44',72),('#롱','2022-02-16 23:35:44',72),('#바지','2022-02-16 23:35:44',72),('#성인','2022-02-16 23:35:44',72),('#여성','2022-02-16 23:35:44',72),('#옷','2022-02-16 23:35:44',72),('#와이드','2022-02-16 23:35:44',72),('#청바지','2022-02-16 23:35:44',72),('#평상복','2022-02-16 23:35:44',72),('#플레인','2022-02-16 23:35:44',72),('#하늘색','2022-02-16 23:35:44',72),('#검정색','2022-02-17 10:12:33',77),('#남성','2022-02-17 10:12:33',77),('#면','2022-02-17 10:12:33',77),('#상의','2022-02-17 10:12:33',77),('#성인','2022-02-17 10:12:33',77),('#옷','2022-02-17 10:12:33',77),('#짧은','2022-02-17 10:12:33',77),('#크루넥','2022-02-17 10:12:33',77),('#텍스트','2022-02-17 10:12:33',77),('#티셔츠','2022-02-17 10:12:33',77),('#평상복','2022-02-17 10:12:33',77),('소매','2022-02-17 10:12:33',77),('tes1','2022-02-17 13:41:19',78),('test2','2022-02-17 13:41:19',78),('test4','2022-02-17 13:41:19',78),('tset6','2022-02-17 13:41:19',78),('tste2','2022-02-17 13:41:19',78),('긴','2022-02-17 13:41:19',78),('단추','2022-02-17 13:41:19',78),('도트','2022-02-17 13:41:19',78),('블라우스','2022-02-17 13:41:19',78),('상의','2022-02-17 13:41:19',78),('성인','2022-02-17 13:41:19',78),('소매','2022-02-17 13:41:19',78),('실크','2022-02-17 13:41:19',78),('여성','2022-02-17 13:41:19',78),('옷','2022-02-17 13:41:19',78),('칼라','2022-02-17 13:41:19',78),('패턴','2022-02-17 13:41:19',78),('하얀색','2022-02-17 13:41:19',78),('#긴','2022-02-17 15:27:31',79),('#남성','2022-02-17 15:27:31',79),('#면','2022-02-17 15:27:31',79),('#베이지색','2022-02-17 15:27:31',79),('#상의','2022-02-17 15:27:31',79),('#성인','2022-02-17 15:27:31',79),('#셔츠','2022-02-17 15:27:31',79),('#옷','2022-02-17 15:27:31',79),('#칼라','2022-02-17 15:27:31',79),('#평상복','2022-02-17 15:27:31',79),('#플레인','2022-02-17 15:27:31',79),('#후크','2022-02-17 15:27:31',79),('소매','2022-02-17 15:27:31',79),('#긴','2022-02-17 15:28:29',80),('#남성','2022-02-17 15:28:29',80),('#다크','2022-02-17 15:28:29',80),('#단추','2022-02-17 15:28:29',80),('#면','2022-02-17 15:28:29',80),('#상의','2022-02-17 15:28:29',80),('#성인','2022-02-17 15:28:29',80),('#셔츠','2022-02-17 15:28:29',80),('#옷','2022-02-17 15:28:29',80),('#우아한','2022-02-17 15:28:29',80),('#칼라','2022-02-17 15:28:29',80),('#플레인','2022-02-17 15:28:29',80),('남색','2022-02-17 15:28:29',80),('블루','2022-02-17 15:28:29',80),('소매','2022-02-17 15:28:29',80),('혹은','2022-02-17 15:28:29',80),('#남성','2022-02-17 15:30:41',81),('#데님','2022-02-17 15:30:41',81),('#도트','2022-02-17 15:30:41',81),('#롱','2022-02-17 15:30:41',81),('#바지','2022-02-17 15:30:41',81),('#비치','2022-02-17 15:30:41',81),('#성인','2022-02-17 15:30:41',81),('#스트레이트','2022-02-17 15:30:41',81),('#스포츠','2022-02-17 15:30:41',81),('#옷','2022-02-17 15:30:41',81),('#패턴','2022-02-17 15:30:41',81),('#하늘색','2022-02-17 15:30:41',81),('팬츠','2022-02-17 15:30:41',81),('#가죽','2022-02-17 15:31:26',82),('#검정색','2022-02-17 15:31:26',82),('#남성','2022-02-17 15:31:27',82),('#바이커','2022-02-17 15:31:26',82),('#성인','2022-02-17 15:31:26',82),('#숏','2022-02-17 15:31:26',82),('#옷','2022-02-17 15:31:26',82),('#재킷','2022-02-17 15:31:27',82),('#평상복','2022-02-17 15:31:27',82),('#플레인','2022-02-17 15:31:27',82),('및','2022-02-17 15:31:26',82),('스웨이드','2022-02-17 15:31:26',82),('재킷','2022-02-17 15:31:26',82),('코트','2022-02-17 15:31:27',82),('#갈색','2022-02-17 19:29:23',83),('#남성','2022-02-17 19:29:23',83),('#미들','2022-02-17 19:29:23',83),('#성인','2022-02-17 19:29:23',83),('#옷','2022-02-17 19:29:23',83),('#우아한','2022-02-17 19:29:23',83),('#울','2022-02-17 19:29:23',83),('#재킷','2022-02-17 19:29:23',83),('#플레인','2022-02-17 19:29:23',83),('및','2022-02-17 19:29:23',83),('코트','2022-02-17 19:29:23',83),('데님','2022-02-17 19:45:53',84),('롱','2022-02-17 19:45:53',84),('바지','2022-02-17 19:45:53',84),('성인','2022-02-17 19:45:53',84),('스포츠','2022-02-17 19:45:53',84),('여성','2022-02-17 19:45:53',84),('옷','2022-02-17 19:45:53',84),('와이드','2022-02-17 19:45:53',84),('운동복','2022-02-17 19:45:53',84),('잠옷','2022-02-17 19:45:53',84),('혼합물','2022-02-17 19:45:53',84),('회색','2022-02-17 19:45:53',84),('미니','2022-02-17 22:04:54',85),('브이넥','2022-02-17 22:04:54',85),('성인','2022-02-17 22:04:54',85),('소매','2022-02-17 22:04:54',85),('여성','2022-02-17 22:04:54',85),('옷','2022-02-17 22:04:54',85),('원피스','2022-02-17 22:04:54',85),('짧은','2022-02-17 22:04:53',85),('트위드','2022-02-17 22:04:54',85),('평상복','2022-02-17 22:04:54',85),('혼합물','2022-02-17 22:04:54',85),('회색','2022-02-17 22:04:54',85),('갈매기','2022-02-17 22:07:16',86),('긴','2022-02-17 22:07:16',86),('니트웨어','2022-02-17 22:07:16',86),('베이지색','2022-02-17 22:07:16',86),('상의','2022-02-17 22:07:16',86),('성인','2022-02-17 22:07:16',86),('소매','2022-02-17 22:07:16',86),('스웨터','2022-02-17 22:07:16',86),('여성','2022-02-17 22:07:16',86),('옷','2022-02-17 22:07:16',86),('크루넥','2022-02-17 22:07:16',86),('패턴','2022-02-17 22:07:16',86),('평상복','2022-02-17 22:07:16',86),('긴','2022-02-17 23:41:50',87),('남성','2022-02-17 23:41:50',87),('면','2022-02-17 23:41:50',87),('상의','2022-02-17 23:41:50',87),('성인','2022-02-17 23:41:50',87),('소매','2022-02-17 23:41:50',87),('스웨트셔츠','2022-02-17 23:41:50',87),('옷','2022-02-17 23:41:50',87),('크루넥','2022-02-17 23:41:50',87),('평상복','2022-02-17 23:41:50',87),('플레인','2022-02-17 23:41:50',87),('회색','2022-02-17 23:41:50',87),('긴','2022-02-17 23:42:14',88),('남색','2022-02-17 23:42:14',88),('남성','2022-02-17 23:42:14',88),('다크','2022-02-17 23:42:14',88),('마크','2022-02-17 23:42:14',88),('면','2022-02-17 23:42:14',88),('블루','2022-02-17 23:42:14',88),('상의','2022-02-17 23:42:14',88),('성인','2022-02-17 23:42:14',88),('소매','2022-02-17 23:42:14',88),('스웨트셔츠','2022-02-17 23:42:14',88),('심벌','2022-02-17 23:42:14',88),('옷','2022-02-17 23:42:14',88),('크루넥','2022-02-17 23:42:14',88),('평상복','2022-02-17 23:42:14',88),('혹은','2022-02-17 23:42:14',88),('남녀공용','2022-02-17 23:43:30',90),('및','2022-02-17 23:43:30',90),('성인','2022-02-17 23:43:30',90),('숏','2022-02-17 23:43:30',90),('스포츠','2022-02-17 23:43:30',90),('옷','2022-02-17 23:43:30',90),('인조','2022-02-17 23:43:30',90),('있음','2022-02-17 23:43:30',90),('재킷','2022-02-17 23:43:30',90),('코트','2022-02-17 23:43:30',90),('혼합물','2022-02-17 23:43:30',90),('회색','2022-02-17 23:43:30',90),('후드','2022-02-17 23:43:30',90),('남성','2022-02-17 23:44:01',91),('롱','2022-02-17 23:44:01',91),('리넨','2022-02-17 23:44:01',91),('바지','2022-02-17 23:44:01',91),('베이지색','2022-02-17 23:44:01',91),('성인','2022-02-17 23:44:01',91),('스트레이트','2022-02-17 23:44:01',91),('양복','2022-02-17 23:44:01',91),('옷','2022-02-17 23:44:01',91),('우아한','2022-02-17 23:44:01',91),('플레인','2022-02-17 23:44:01',91),('남성','2022-02-17 23:44:16',92),('롱','2022-02-17 23:44:16',92),('바지','2022-02-17 23:44:16',92),('성인','2022-02-17 23:44:16',92),('스트레이트','2022-02-17 23:44:16',92),('옷','2022-02-17 23:44:16',92),('평상복','2022-02-17 23:44:16',92),('플레인','2022-02-17 23:44:16',92),('회색','2022-02-17 23:44:16',92),('검정색','2022-02-17 23:44:46',93),('데님','2022-02-17 23:44:46',93),('롱','2022-02-17 23:44:46',93),('마크','2022-02-17 23:44:46',93),('바지','2022-02-17 23:44:46',93),('성인','2022-02-17 23:44:46',93),('스포츠','2022-02-17 23:44:46',93),('슬림','2022-02-17 23:44:46',93),('심벌','2022-02-17 23:44:46',93),('여성','2022-02-17 23:44:46',93),('옷','2022-02-17 23:44:46',93),('운동복','2022-02-17 23:44:46',93),('남성','2022-02-17 23:45:07',94),('롱','2022-02-17 23:45:07',94),('바지','2022-02-17 23:45:07',94),('성인','2022-02-17 23:45:07',94),('옷','2022-02-17 23:45:07',94),('와이드','2022-02-17 23:45:07',94),('운동복','2022-02-17 23:45:07',94),('평상복','2022-02-17 23:45:07',94),('혼합물','2022-02-17 23:45:07',94),('회색','2022-02-17 23:45:07',94),('검정색','2022-02-17 23:59:42',98),('남성','2022-02-17 23:59:42',98),('및','2022-02-17 23:59:42',98),('성인','2022-02-17 23:59:42',98),('숏','2022-02-17 23:59:42',98),('옷','2022-02-17 23:59:42',98),('재킷','2022-02-17 23:59:42',98),('직물','2022-02-17 23:59:42',98),('코트','2022-02-17 23:59:42',98),('평상복','2022-02-17 23:59:42',98),('플레인','2022-02-17 23:59:42',98),('해링턴','2022-02-17 23:59:42',98),('검정색','2022-02-18 00:01:30',100),('남성','2022-02-18 00:01:30',100),('더플','2022-02-18 00:01:30',100),('롱','2022-02-18 00:01:30',100),('미들','2022-02-18 00:01:30',100),('및','2022-02-18 00:01:30',100),('베이지색','2022-02-18 00:01:30',100),('성인','2022-02-18 00:01:30',100),('숏','2022-02-18 00:01:30',100),('옷','2022-02-18 00:01:30',100),('우아한','2022-02-18 00:01:30',100),('울','2022-02-18 00:01:30',100),('재킷','2022-02-18 00:01:30',100),('직물','2022-02-18 00:01:30',100),('캐주얼','2022-02-18 00:01:30',100),('코트','2022-02-18 00:01:30',100),('평상복','2022-02-18 00:01:30',100),('플레인','2022-02-18 00:01:30',100),('긴','2022-02-18 00:08:24',101),('남성','2022-02-18 00:08:24',101),('마크','2022-02-18 00:08:24',101),('면','2022-02-18 00:08:24',101),('상의','2022-02-18 00:08:24',101),('성인','2022-02-18 00:08:24',101),('소매','2022-02-18 00:08:24',101),('스웨트셔츠','2022-02-18 00:08:24',101),('심벌','2022-02-18 00:08:24',101),('옷','2022-02-18 00:08:24',101),('크루넥','2022-02-18 00:08:24',101),('평상복','2022-02-18 00:08:24',101),('하얀색','2022-02-18 00:08:24',101),('검정색','2022-02-18 00:08:43',102),('긴','2022-02-18 00:08:43',102),('남녀공용','2022-02-18 00:08:43',102),('면','2022-02-18 00:08:43',102),('사진','2022-02-18 00:08:43',102),('상의','2022-02-18 00:08:43',102),('성인','2022-02-18 00:08:43',102),('소매','2022-02-18 00:08:43',102),('스웨트셔츠','2022-02-18 00:08:43',102),('옷','2022-02-18 00:08:43',102),('크루넥','2022-02-18 00:08:43',102),('평상복','2022-02-18 00:08:43',102),('검정색','2022-02-18 00:09:03',103),('긴','2022-02-18 00:09:03',103),('남성','2022-02-18 00:09:03',103),('면','2022-02-18 00:09:03',103),('상의','2022-02-18 00:09:03',103),('성인','2022-02-18 00:09:03',103),('소매','2022-02-18 00:09:03',103),('스웨트셔츠','2022-02-18 00:09:03',103),('옷','2022-02-18 00:09:03',103),('크루넥','2022-02-18 00:09:03',103),('평상복','2022-02-18 00:09:03',103),('플레인','2022-02-18 00:09:03',103),('긴','2022-02-18 00:09:22',104),('남성','2022-02-18 00:09:22',104),('다색','2022-02-18 00:09:22',104),('단추','2022-02-18 00:09:22',104),('면','2022-02-18 00:09:22',104),('상의','2022-02-18 00:09:22',104),('성인','2022-02-18 00:09:22',104),('셔츠','2022-02-18 00:09:22',104),('소매','2022-02-18 00:09:22',104),('옷','2022-02-18 00:09:22',104),('체크','2022-02-18 00:09:22',104),('칼라','2022-02-18 00:09:22',104),('패턴','2022-02-18 00:09:22',104),('평상복','2022-02-18 00:09:22',104),('긴','2022-02-18 00:09:39',105),('남성','2022-02-18 00:09:39',105),('단추','2022-02-18 00:09:39',105),('면','2022-02-18 00:09:39',105),('상의','2022-02-18 00:09:39',105),('성인','2022-02-18 00:09:39',105),('셔츠','2022-02-18 00:09:39',105),('소매','2022-02-18 00:09:39',105),('옷','2022-02-18 00:09:39',105),('칼라','2022-02-18 00:09:39',105),('플레인','2022-02-18 00:09:39',105),('하늘색','2022-02-18 00:09:39',105),('긴','2022-02-18 00:09:58',106),('남성','2022-02-18 00:09:58',106),('단추','2022-02-18 00:09:58',106),('면','2022-02-18 00:09:58',106),('상의','2022-02-18 00:09:58',106),('성인','2022-02-18 00:09:58',106),('셔츠','2022-02-18 00:09:58',106),('소매','2022-02-18 00:09:58',106),('옷','2022-02-18 00:09:58',106),('우아한','2022-02-18 00:09:58',106),('칼라','2022-02-18 00:09:58',106),('플레인','2022-02-18 00:09:58',106),('하얀색','2022-02-18 00:09:58',106),('가죽','2022-02-18 00:10:22',107),('갈색','2022-02-18 00:10:22',107),('남성','2022-02-18 00:10:22',107),('및','2022-02-18 00:10:22',107),('성인','2022-02-18 00:10:22',107),('숏','2022-02-18 00:10:22',107),('스웨이드','2022-02-18 00:10:22',107),('옷','2022-02-18 00:10:22',107),('재킷','2022-02-18 00:10:22',107),('코트','2022-02-18 00:10:22',107),('평상복','2022-02-18 00:10:22',107),('플레인','2022-02-18 00:10:22',107),('해링턴','2022-02-18 00:10:22',107),('남성','2022-02-18 00:10:40',108),('데님','2022-02-18 00:10:40',108),('롱','2022-02-18 00:10:40',108),('바지','2022-02-18 00:10:40',108),('성인','2022-02-18 00:10:40',108),('스트레이트','2022-02-18 00:10:40',108),('옷','2022-02-18 00:10:40',108),('평상복','2022-02-18 00:10:40',108),('플레인','2022-02-18 00:10:40',108),('하늘색','2022-02-18 00:10:40',108),('검정색','2022-02-18 00:11:09',109),('마크','2022-02-18 00:11:09',109),('및','2022-02-18 00:11:09',109),('성인','2022-02-18 00:11:09',109),('소프트쉘','2022-02-18 00:11:09',109),('숏','2022-02-18 00:11:09',109),('심벌','2022-02-18 00:11:09',109),('여성','2022-02-18 00:11:09',109),('옷','2022-02-18 00:11:09',109),('재킷','2022-02-18 00:11:09',109),('코트','2022-02-18 00:11:09',109),('평상복','2022-02-18 00:11:09',109),('해링턴','2022-02-18 00:11:09',109),('긴','2022-02-18 02:16:39',111),('다색','2022-02-18 02:16:39',111),('면','2022-02-18 02:16:39',111),('상의','2022-02-18 02:16:39',111),('성인','2022-02-18 02:16:39',111),('셔츠','2022-02-18 02:16:39',111),('소매','2022-02-18 02:16:39',111),('스트라이프','2022-02-18 02:16:39',111),('옷','2022-02-18 02:16:39',111),('칼라','2022-02-18 02:16:39',111),('패턴','2022-02-18 02:16:39',111),('후크','2022-02-18 02:16:39',111),('긴','2022-02-18 02:21:20',112),('남녀공용','2022-02-18 02:21:20',112),('넥','2022-02-18 02:21:20',112),('라운드','2022-02-18 02:21:20',112),('상의','2022-02-18 02:21:20',112),('성인','2022-02-18 02:21:20',112),('소매','2022-02-18 02:21:20',112),('스웨트셔츠','2022-02-18 02:21:20',112),('옷','2022-02-18 02:21:20',112),('평상복','2022-02-18 02:21:20',112),('혼합물','2022-02-18 02:21:20',112),('회색','2022-02-18 02:21:20',112),('7/8','2022-02-18 02:24:07',113),('검정색','2022-02-18 02:24:07',113),('바지','2022-02-18 02:24:07',113),('성인','2022-02-18 02:24:07',113),('스트레이트','2022-02-18 02:24:07',113),('실크','2022-02-18 02:24:07',113),('양복','2022-02-18 02:24:07',113),('여성','2022-02-18 02:24:07',113),('옷','2022-02-18 02:24:07',113),('우아한','2022-02-18 02:24:07',113),('플레인','2022-02-18 02:24:07',113),('남색','2022-02-18 03:41:30',115),('남성','2022-02-18 03:41:30',115),('다크','2022-02-18 03:41:30',115),('데님','2022-02-18 03:41:30',115),('롱','2022-02-18 03:41:30',115),('바지','2022-02-18 03:41:30',115),('블루','2022-02-18 03:41:30',115),('성인','2022-02-18 03:41:30',115),('스트레이트','2022-02-18 03:41:30',115),('옷','2022-02-18 03:41:30',115),('평상복','2022-02-18 03:41:30',115),('플레인','2022-02-18 03:41:30',115),('혹은','2022-02-18 03:41:30',115),('가디건','2022-02-18 04:23:18',116),('긴','2022-02-18 04:23:18',116),('남성','2022-02-18 04:23:18',116),('니트웨어','2022-02-18 04:23:18',116),('단추','2022-02-18 04:23:18',116),('브이넥','2022-02-18 04:23:18',116),('상의','2022-02-18 04:23:18',116),('성인','2022-02-18 04:23:18',116),('소매','2022-02-18 04:23:18',116),('옷','2022-02-18 04:23:18',116),('체크','2022-02-18 04:23:18',116),('패턴','2022-02-18 04:23:18',116),('평상복','2022-02-18 04:23:18',116),('하얀색','2022-02-18 04:23:18',116),('긴','2022-02-18 09:41:27',117),('남색','2022-02-18 09:41:27',117),('남성','2022-02-18 09:41:27',117),('다크','2022-02-18 09:41:27',117),('단추','2022-02-18 09:41:27',117),('면','2022-02-18 09:41:27',117),('베이지색','2022-02-18 09:41:27',117),('블루','2022-02-18 09:41:27',117),('상의','2022-02-18 09:41:27',117),('성인','2022-02-18 09:41:27',117),('셔츠','2022-02-18 09:41:27',117),('소매','2022-02-18 09:41:27',117),('옷','2022-02-18 09:41:27',117),('우아한','2022-02-18 09:41:27',117),('칼라','2022-02-18 09:41:27',117),('평상복','2022-02-18 09:41:27',117),('플레인','2022-02-18 09:41:27',117),('혹은','2022-02-18 09:41:27',117),('후크','2022-02-18 09:41:27',117);
/*!40000 ALTER TABLE `clothing_hashtag` ENABLE KEYS */;
UNLOCK TABLES;

--
-- Table structure for table `clothing_washing`
--

DROP TABLE IF EXISTS `clothing_washing`;
/*!40101 SET @saved_cs_client     = @@character_set_client */;
/*!40101 SET character_set_client = utf8 */;
CREATE TABLE `clothing_washing` (
  `clothingid` int(11) NOT NULL,
  `washingid` int(11) NOT NULL,
  KEY `fk_clothing_washing_clothing_idx` (`clothingid`),
  KEY `fk_clothing_washing_washing_method_idx` (`washingid`),
  CONSTRAINT `fk_clothing_washing_clothing` FOREIGN KEY (`clothingid`) REFERENCES `clothing` (`clothingId`) ON DELETE CASCADE ON UPDATE CASCADE,
  CONSTRAINT `fk_clothing_washing_washing_method` FOREIGN KEY (`washingid`) REFERENCES `washing_method` (`id`) ON DELETE NO ACTION ON UPDATE NO ACTION
) ENGINE=InnoDB DEFAULT CHARSET=utf8mb4;
/*!40101 SET character_set_client = @saved_cs_client */;

--
-- Dumping data for table `clothing_washing`
--

LOCK TABLES `clothing_washing` WRITE;
/*!40000 ALTER TABLE `clothing_washing` DISABLE KEYS */;
INSERT INTO `clothing_washing` VALUES (26,2),(27,9),(30,2),(30,8),(30,10),(31,6),(31,16),(31,23),(31,29),(32,4),(32,10),(32,19),(32,23),(32,28),(33,19),(33,12),(33,5),(33,26),(34,11),(34,17),(35,1),(35,9),(35,16),(35,23),(35,27),(36,11),(36,18),(36,24),(38,4),(38,10),(38,16),(38,23),(38,27),(39,17),(39,10),(40,12),(40,3),(40,16),(40,22),(40,27),(43,17),(50,17),(50,18),(50,11),(50,24),(50,29),(51,24),(51,28),(51,15),(51,10),(51,3),(52,22),(52,9),(52,26),(52,17),(53,2),(53,15),(53,21),(53,31),(55,2),(55,13),(55,17),(55,21),(55,31),(56,2),(56,17),(56,25),(56,31),(57,6),(57,32),(58,2),(58,19),(58,21),(58,25),(59,3),(59,21),(59,25),(59,18),(60,3),(60,9),(60,16),(61,7),(61,13),(61,20),(61,21),(61,32),(62,6),(62,9),(62,20),(62,21),(62,25),(63,6),(63,21),(63,20),(63,31),(64,1),(64,14),(65,1),(65,20),(66,7),(66,21),(66,20),(66,32),(68,3),(68,16),(69,5),(69,20),(69,21),(69,31),(72,5),(72,10),(72,20),(72,21),(72,25),(72,32),(77,3),(77,11),(77,17),(77,23),(77,28),(81,1),(81,9),(81,16),(81,23),(81,28),(83,6),(83,13),(83,20),(83,21),(83,25),(83,32),(84,14),(84,24),(84,10),(84,5),(84,27),(85,21),(86,21),(87,8),(87,15),(87,21),(87,25),(88,2),(88,8),(88,14),(88,21),(88,25),(90,5),(90,10),(90,16),(90,23),(90,25),(91,2),(91,10),(91,16),(91,21),(91,29),(92,4),(92,10),(92,26),(93,1),(93,12),(93,18),(93,23),(93,30),(94,5),(94,10),(94,23),(98,6),(98,13),(98,20),(98,24),(98,29),(100,7),(100,13),(100,20),(100,29),(100,21),(101,4),(101,11),(101,17),(101,23),(101,29),(102,4),(102,11),(102,24),(102,18),(102,31),(103,7),(103,13),(103,20),(103,24),(103,29),(104,2),(104,9),(104,15),(104,22),(104,32),(105,6),(105,13),(105,18),(105,24),(105,30),(106,13),(106,7),(106,16),(106,22),(106,28),(107,7),(107,13),(107,20),(107,23),(107,29),(108,7),(108,20),(109,7),(109,24),(111,6),(111,19),(111,13),(111,24),(112,6),(112,9),(112,19),(112,24),(112,31),(112,28),(113,6),(113,13),(113,19),(113,24),(113,31),(114,6),(114,13),(114,19),(114,22),(114,26),(114,30),(115,17),(115,11),(115,4),(115,24),(116,5),(116,13),(116,20),(116,21),(116,26),(116,32);
/*!40000 ALTER TABLE `clothing_washing` ENABLE KEYS */;
UNLOCK TABLES;

--
-- Table structure for table `cody`
--

DROP TABLE IF EXISTS `cody`;
/*!40101 SET @saved_cs_client     = @@character_set_client */;
/*!40101 SET character_set_client = utf8 */;
CREATE TABLE `cody` (
  `codyId` int(11) NOT NULL AUTO_INCREMENT,
  `codyName` varchar(45) DEFAULT NULL,
  `registrationDate` timestamp NULL DEFAULT NULL,
  `updateDate` timestamp NULL DEFAULT NULL,
  `content` varchar(200) DEFAULT NULL,
  `userName` varchar(45) DEFAULT NULL,
  `secret` tinyint(4) DEFAULT NULL,
  `imageId` int(11) DEFAULT NULL,
  PRIMARY KEY (`codyId`),
  KEY `fk_cody_user_idx` (`userName`),
  KEY `fk_cody_image_idx` (`imageId`),
  CONSTRAINT `fk_cody_image` FOREIGN KEY (`imageId`) REFERENCES `image` (`imageId`) ON DELETE CASCADE ON UPDATE CASCADE,
  CONSTRAINT `fk_cody_user` FOREIGN KEY (`userName`) REFERENCES `user` (`userName`) ON DELETE CASCADE ON UPDATE CASCADE
) ENGINE=InnoDB AUTO_INCREMENT=223 DEFAULT CHARSET=utf8mb4;
/*!40101 SET character_set_client = @saved_cs_client */;

--
-- Dumping data for table `cody`
--

LOCK TABLES `cody` WRITE;
/*!40000 ALTER TABLE `cody` DISABLE KEYS */;
INSERT INTO `cody` VALUES (104,'name','2022-02-15 12:54:33','2022-02-15 12:54:33','여름에','jisoon',0,127),(105,'name','2022-02-15 13:34:58','2022-02-15 13:34:58','선선한 여름에!','admin',0,128),(111,'name','2022-02-15 14:09:46','2022-02-15 14:09:46','집에서 입는 추리닝!','jisoon',0,136),(113,'name','2022-02-15 14:23:41','2022-02-15 14:23:41','바지..테스트....','jisoon',0,138),(115,'name','2022-02-15 14:30:42','2022-02-15 14:30:42','바지입니다','jisoon',0,140),(116,'name','2022-02-15 14:31:20','2022-02-15 14:31:20','바지..','jisoon',0,141),(117,'name','2022-02-15 14:36:26','2022-02-15 14:36:26','의미없어','admin',0,142),(118,'name','2022-02-15 14:55:28','2022-02-15 14:55:28','편한 옷!','jisoon',0,148),(119,'name','2022-02-15 15:06:13','2022-02-15 15:06:13','밖에나가기 싫다.','jisoon',0,149),(120,'name','2022-02-15 15:31:01','2022-02-15 15:31:01','고민중..','admin',0,150),(121,'코디 생성 테스트','2022-02-15 16:00:33','2022-02-15 16:00:33','어제 내가 입 ','admin',0,151),(123,'name','2022-02-15 18:13:34','2022-02-15 18:13:34','찐 완성본','admin',0,157),(124,'name','2022-02-15 18:13:56','2022-02-15 18:13:56','','admin',0,158),(127,'name','2022-02-16 07:48:56','2022-02-16 07:48:56','size test1','admin',0,162),(128,'name','2022-02-16 10:42:57','2022-02-16 10:42:57','지금','admin',0,165),(129,'name','2022-02-16 11:02:23','2022-02-16 11:02:23','테스트','admin',0,168),(130,'name','2022-02-16 11:26:09','2022-02-16 11:26:09','안녕하세요\n','admin',0,169),(131,'name','2022-02-16 12:46:22','2022-02-16 12:46:22','dddd','귤',0,171),(132,'name','2022-02-16 12:51:21','2022-02-16 12:51:21','aaaaaaa','귤',1,172),(133,'name','2022-02-16 12:57:54','2022-02-16 12:57:54','ddd','귤',0,174),(134,'name','2022-02-16 13:25:17','2022-02-16 13:25:17','dddddd','귤',0,175),(135,'name','2022-02-16 13:26:21','2022-02-16 13:26:21','sss','귤',0,176),(136,'name','2022-02-16 13:26:58','2022-02-16 13:26:58','sdsd','귤',0,177),(137,'name','2022-02-16 13:27:27','2022-02-16 13:27:27','','귤',0,178),(138,'name','2022-02-16 13:31:57','2022-02-16 13:31:57','안녕하세요','admin',0,180),(139,'name','2022-02-16 18:43:30','2022-02-16 18:43:30','test1','jyj',0,186),(140,'name','2022-02-16 18:46:17','2022-02-16 18:46:17','test23','admin',0,187),(141,'name','2022-02-16 18:47:17','2022-02-16 18:47:17','test34','jyj',0,189),(143,'name','2022-02-16 20:59:10','2022-02-16 20:59:10','test1','admin',0,193),(144,'name','2022-02-16 21:00:44','2022-02-16 21:00:44','test1','admin',0,194),(145,'name','2022-02-16 21:05:31','2022-02-16 21:05:31','test','admin',0,195),(146,'name','2022-02-16 21:08:46','2022-02-16 21:08:46','집에서 입는 옷','admin',0,196),(147,'name','2022-02-16 21:14:25','2022-02-16 21:14:25','test1','admin',0,197),(150,'name','2022-02-16 21:21:09','2022-02-16 21:21:09','test1','admin',0,201),(151,'name','2022-02-16 21:31:01','2022-02-16 21:31:01','test1','admin',0,202),(152,'name','2022-02-16 21:33:26','2022-02-16 21:33:26','test1','admin',0,203),(153,'name','2022-02-16 21:34:29','2022-02-16 21:34:29','test1','admin',0,204),(154,'name','2022-02-16 21:35:30','2022-02-16 21:35:30','test1','admin',0,205),(155,'name','2022-02-16 21:35:53','2022-02-16 21:35:53','test1','admin',0,206),(156,'name','2022-02-16 21:38:47','2022-02-16 21:38:47','test1','admin',0,207),(157,'name','2022-02-16 21:40:50','2022-02-16 21:40:50','test1','admin',0,208),(158,'name','2022-02-16 21:42:18','2022-02-16 21:42:18','sadasdsd','귤',0,209),(159,'name','2022-02-16 21:42:37','2022-02-16 21:42:37','etst1','admin',0,210),(160,'name','2022-02-16 21:43:25','2022-02-16 21:43:25','test1','admin',0,211),(161,'name','2022-02-16 21:45:22','2022-02-16 21:45:22','sdsd','귤',0,212),(162,'name','2022-02-16 23:17:39','2022-02-16 23:17:39','test1','admin',0,229),(163,'name','2022-02-16 23:40:13','2022-02-16 23:40:13','놀러간다~~!!','이지순',0,235),(164,'name','2022-02-16 23:42:36','2022-02-16 23:42:36','제가 운동할 때 입는 옷이에요!!','이지순',0,236),(165,'name','2022-02-16 23:43:46','2022-02-16 23:43:46','친구들 만날 때 입는 옷이에요! 어떤가요?','이지순',0,237),(166,'name','2022-02-16 23:43:53','2022-02-16 23:43:53','','admin',0,238),(167,'name','2022-02-16 23:46:01','2022-02-16 23:46:01','편하게 입고 싶을 때 입는 옷ㅎㅎㅎ','이지순',0,239),(168,'name','2022-02-16 23:47:32','2022-02-16 23:47:32','결혼식 같은 중요한 곳에 갈 때 두 원피스를 자주 입어요!','이지순',0,240),(169,'name','2022-02-16 23:55:42','2022-02-16 23:55:42','test1','admin',0,241),(170,'name','2022-02-16 23:55:57','2022-02-16 23:55:57','test1','admin',0,242),(171,'name','2022-02-16 23:56:25','2022-02-16 23:56:25','test1','admin',0,243),(172,'name','2022-02-18 06:23:52','2022-02-18 06:23:52','test1234555','admin',0,244),(173,'name','2022-02-16 23:57:31','2022-02-16 23:57:31','test1','admin',0,245),(175,'name','2022-02-16 23:59:56','2022-02-16 23:59:56','','admin',0,247),(176,'name','2022-02-17 00:01:19','2022-02-17 00:01:19','','admin',0,248),(178,'코디 수정 테스트5','2022-02-18 04:43:23','2022-02-18 04:43:23','오늘 내가 입을... 수정수정','admin',1,250),(179,'name','2022-02-17 00:48:21','2022-02-17 00:48:21','집에서 입자','yj',0,253),(180,'name','2022-02-17 01:03:58','2022-02-17 01:03:58','','yj',0,254),(181,'name','2022-02-17 01:04:23','2022-02-17 01:04:23','test1','yj',0,255),(182,'name','2022-02-17 01:05:45','2022-02-17 01:05:45','test1','yj',0,256),(183,'name','2022-02-17 18:09:09','2022-02-17 18:09:09','어디 한 번 길게 써보겠습니다. 공통 프로젝트 기간 너무 짧아요ㅠㅠ 시간이 더있었으면 하는 마음 반 빨리 끝내고 싶은 마음 반입니다.. 더 길게 수정을 해봅시다...','yj',0,257),(184,'name','2022-02-17 01:52:21','2022-02-17 01:52:21','test1','yj',0,258),(185,'name','2022-02-17 02:34:49','2022-02-17 02:34:49','test1234','yj',0,262),(188,'name','2022-02-17 03:15:29','2022-02-17 03:15:29','무난템','귤',0,265),(189,'name','2022-02-17 03:27:36','2022-02-17 03:27:36','','귤',0,266),(190,'name','2022-02-17 03:28:24','2022-02-17 03:28:24','','귤',0,267),(191,'name','2022-02-17 03:29:30','2022-02-17 03:29:30','','귤',0,268),(192,'name','2022-02-17 03:30:05','2022-02-17 03:30:05','','귤',0,269),(193,'name','2022-02-17 03:30:14','2022-02-17 03:30:14','','귤',0,270),(194,'name','2022-02-17 03:57:21','2022-02-17 03:57:21','sdsdsdsdsdsf','귤',0,271),(196,'name','2022-02-17 05:33:51','2022-02-17 05:33:51','wewewewewewewewew','귤',0,275),(198,'name','2022-02-17 10:15:02','2022-02-17 10:15:02','비공개 테스트','admin',1,278),(200,'name','2022-02-17 17:54:49','2022-02-17 17:54:49','비공개 테스트!!!!! 수정 두번째!','yj',1,280),(203,'name','2022-02-18 01:20:19','2022-02-18 01:20:19','시크한 스트릿 룩이에요!','태호',0,316),(204,'name','2022-02-18 01:21:20','2022-02-18 01:21:20','운동할 때, 헬스할 때','태호',0,317),(205,'name','2022-02-18 01:22:09','2022-02-18 01:22:09','왠지 컴공을 전공할 것 같은 룩','태호',0,318),(206,'name','2022-02-18 01:23:12','2022-02-18 01:23:12','엄청나게 편하고 실용적인 코디','태호',0,319),(207,'name','2022-02-18 01:24:10','2022-02-18 01:24:10','멋 좀 내고 싶은데 귀엽고 싶을 때 베이지색 바지로 포인트..?','태호',0,320),(208,'name','2022-02-18 01:24:45','2022-02-18 01:24:45','이렇겐 잘 안입고 다녀요 ^^..','태호',0,321),(209,'name','2022-02-18 01:25:25','2022-02-18 01:25:25','따뜻해 보이죠?','태호',0,322),(210,'name','2022-02-18 01:27:14','2022-02-18 01:27:14','깔끔한 룩','태호',0,323),(211,'name','2022-02-18 01:28:13','2022-02-18 01:28:13','술 마시러 갈 때 이렇게 입고 가면 꿀!','태호',0,324),(212,'name','2022-02-18 01:29:27','2022-02-18 01:29:27','딱 내 스타일!!','태호',0,325),(214,'name','2022-02-18 03:17:02','2022-02-18 03:17:02','확인해줘','김유진',0,331),(216,'name','2022-02-18 06:45:50','2022-02-18 06:45:50','테스트용으로 해봅ㄴ디ㅏ!','admin',1,335),(217,'name','2022-02-18 09:28:31','2022-02-18 09:28:31','집에서 입는 편안한 옷입니다.','이지순',0,336),(218,'name','2022-02-18 09:39:40','2022-02-18 09:39:40','친구 만나러 갈때 자주 입는 옷입니다!!','이지순',0,337),(219,'name','2022-02-18 10:09:00','2022-02-18 10:09:00','친구 결혼식이나 중요한 자리에 갈 때 입는 옷입니당!!','이지순',0,339),(220,'name','2022-02-18 10:10:01','2022-02-18 10:10:01','매일 편안하게 잘 입고 있는 옷입니다','이지순',0,340),(222,'name','2022-02-18 10:28:28','2022-02-18 10:28:28','이것도 확인해줘','김유진',0,343);
/*!40000 ALTER TABLE `cody` ENABLE KEYS */;
UNLOCK TABLES;

--
-- Table structure for table `cody_clothing`
--

DROP TABLE IF EXISTS `cody_clothing`;
/*!40101 SET @saved_cs_client     = @@character_set_client */;
/*!40101 SET character_set_client = utf8 */;
CREATE TABLE `cody_clothing` (
  `codyId` int(11) NOT NULL,
  `clothingId` int(11) NOT NULL,
  `x` int(11) DEFAULT NULL,
  `y` int(11) DEFAULT NULL,
  `z` int(11) DEFAULT NULL,
  `m` int(11) DEFAULT NULL,
  PRIMARY KEY (`codyId`,`clothingId`),
  KEY `fk_cc_cody_id_idx` (`codyId`),
  KEY `fk_cc_clothing_id_idx` (`clothingId`),
  CONSTRAINT `fk_cc_clothing_id` FOREIGN KEY (`clothingId`) REFERENCES `clothing` (`clothingId`) ON DELETE CASCADE ON UPDATE CASCADE,
  CONSTRAINT `fk_cc_cody_id` FOREIGN KEY (`codyId`) REFERENCES `cody` (`codyId`) ON DELETE CASCADE ON UPDATE CASCADE
) ENGINE=InnoDB DEFAULT CHARSET=utf8mb4;
/*!40101 SET character_set_client = @saved_cs_client */;

--
-- Dumping data for table `cody_clothing`
--

LOCK TABLES `cody_clothing` WRITE;
/*!40000 ALTER TABLE `cody_clothing` DISABLE KEYS */;
INSERT INTO `cody_clothing` VALUES (120,30,23,149,2,1),(127,30,193,93,1,1),(128,36,104,195,1,1),(129,36,94,171,2,1),(129,38,74,7,1,1),(138,30,166,54,1,1),(138,42,160,187,2,1),(139,43,266,200,1,1),(140,42,84,176,1,1),(140,47,89,81,2,1),(141,43,106,188,1,1),(141,48,111,71,2,1),(143,42,50,177,1,1),(143,49,49,38,2,1),(144,46,62,205,1,1),(144,47,60,78,2,1),(145,39,62,45,2,1),(145,46,66,154,1,1),(146,39,179,66,2,1),(146,46,188,182,1,1),(147,39,95,65,2,1),(147,46,98,175,1,1),(150,46,97,206,1,1),(150,47,94,79,2,1),(151,30,22,0,1,1),(151,46,17,139,2,1),(152,39,15,29,2,1),(152,46,17,132,1,1),(153,39,52,16,2,1),(153,46,52,131,1,1),(154,35,36,43,2,1),(154,46,39,162,1,1),(155,46,25,163,1,1),(155,50,30,28,2,1),(156,36,96,177,1,1),(157,39,39,38,2,1),(157,46,42,150,1,1),(158,51,129,156,2,1),(159,39,52,48,2,1),(159,46,55,161,1,1),(160,30,0,0,1,1),(160,46,6,127,2,1),(161,51,354,0,2,1),(162,35,26,21,2,1),(162,46,53,178,1,1),(163,66,181,88,3,1),(163,69,224,88,2,1),(164,65,176,141,1,1),(165,61,210,179,1,1),(165,63,147,30,2,2),(166,38,215,0,1,1),(166,45,206,135,2,1),(167,53,247,83,3,1),(167,64,180,67,2,1),(167,65,210,175,1,1),(168,52,118,48,2,2),(168,56,164,56,1,2),(169,35,89,49,2,1),(169,40,87,161,1,1),(170,30,239,0,2,1),(170,35,0,0,1,1),(171,40,40,156,1,1),(172,47,229,4,1,1),(172,49,114,159,2,1),(172,50,33,65,3,1),(173,35,125,98,1,1),(173,46,135,222,2,1),(173,49,129,0,3,1),(175,38,0,0,1,1),(175,45,11,141,2,1),(176,38,0,0,1,1),(176,45,19,136,2,1),(178,38,49,0,1,1),(178,45,60,182,2,1),(188,51,244,35,2,1),(190,51,304,218,1,1),(191,51,201,164,1,1),(192,51,160,121,1,1),(193,51,126,112,2,1),(194,51,48,73,2,1),(196,51,72,127,1,1),(198,42,29,187,2,1),(198,77,32,67,1,1),(203,94,17,124,1,2),(203,102,53,39,2,1),(204,93,18,115,1,1),(204,101,53,36,2,1),(205,92,22,131,1,1),(205,104,59,46,2,1),(206,90,56,24,2,1),(206,93,27,132,1,1),(207,91,21,123,1,1),(207,102,54,19,2,1),(208,100,0,57,1,2),(209,92,20,123,1,1),(209,107,56,32,2,1),(210,106,38,38,2,1),(210,108,18,135,1,1),(211,94,16,110,1,2),(211,103,52,27,2,1),(212,92,27,128,1,1),(212,101,48,23,2,1),(214,112,31,24,2,1),(214,113,26,168,1,1),(216,38,33,7,1,1),(216,40,35,197,2,1),(216,50,52,84,3,1),(217,60,67,170,1,1),(217,63,28,86,3,1),(217,69,88,102,2,1),(218,57,75,177,1,1),(218,66,35,107,3,1),(218,69,98,114,2,1),(219,52,27,116,2,1),(219,56,51,107,1,1),(220,53,78,62,2,1),(220,64,16,74,3,1),(220,65,71,170,1,1),(222,111,38,11,2,1),(222,113,29,170,1,1);
/*!40000 ALTER TABLE `cody_clothing` ENABLE KEYS */;
UNLOCK TABLES;

--
-- Table structure for table `cody_hashtag`
--

DROP TABLE IF EXISTS `cody_hashtag`;
/*!40101 SET @saved_cs_client     = @@character_set_client */;
/*!40101 SET character_set_client = utf8 */;
CREATE TABLE `cody_hashtag` (
  `tagName` varchar(100) NOT NULL,
  `codyId` int(11) NOT NULL,
  `registrationDate` timestamp NULL DEFAULT NULL,
  PRIMARY KEY (`codyId`,`tagName`),
  KEY `fk_cody_cody_hashtag_idx` (`codyId`),
  KEY `fk_hashtag_cody_hashtag_idx` (`tagName`),
  CONSTRAINT `fk_cody_cody_hashtag` FOREIGN KEY (`codyId`) REFERENCES `cody` (`codyId`) ON DELETE CASCADE ON UPDATE CASCADE,
  CONSTRAINT `fk_hashtag_cody_hashtag` FOREIGN KEY (`tagName`) REFERENCES `hashtag` (`tagName`) ON DELETE NO ACTION ON UPDATE NO ACTION
) ENGINE=InnoDB DEFAULT CHARSET=utf8mb4;
/*!40101 SET character_set_client = @saved_cs_client */;

--
-- Dumping data for table `cody_hashtag`
--

LOCK TABLES `cody_hashtag` WRITE;
/*!40000 ALTER TABLE `cody_hashtag` DISABLE KEYS */;
INSERT INTO `cody_hashtag` VALUES ('하늘색,무늬,청',104,'2022-02-15 12:54:33'),('멜빵,청,무늬',105,'2022-02-15 13:34:58'),('바지2',111,'2022-02-15 14:09:46'),('바지,추리닝',113,'2022-02-15 14:23:41'),('바지',115,'2022-02-15 14:30:42'),('바지',116,'2022-02-15 14:31:20'),('데일리',118,'2022-02-15 14:55:28'),('집에서,오늘도,입음',119,'2022-02-15 15:06:13'),('고민',120,'2022-02-15 15:31:01'),('#배고파',121,'2022-02-15 16:00:33'),('#생',121,'2022-02-15 16:00:33'),('#오늘도_철야',121,'2022-02-15 16:00:33'),('#코디생성',121,'2022-02-15 16:00:33'),('완성본',123,'2022-02-15 18:13:34'),('test',127,'2022-02-16 07:48:56'),('집,편함',128,'2022-02-16 10:42:57'),('코디,모달',129,'2022-02-16 11:02:23'),('룰루',130,'2022-02-16 11:26:09'),('dddd,eeeee',132,'2022-02-16 12:51:21'),('sdsd',134,'2022-02-16 13:25:17'),('dfdf',135,'2022-02-16 13:26:21'),('gghg',136,'2022-02-16 13:26:58'),('sd,sdsd',137,'2022-02-16 13:27:27'),('데일리',138,'2022-02-16 13:31:57'),('test1',139,'2022-02-16 18:43:30'),('생기는건가,왜,생기나',143,'2022-02-16 20:59:10'),('음,콤마는,왜',143,'2022-02-16 20:59:10'),('원인을,찾아라',144,'2022-02-16 21:00:44'),('test,해보자',145,'2022-02-16 21:05:31'),('룩',146,'2022-02-16 21:08:46'),('이번에야말로,집',146,'2022-02-16 21:08:46'),('룩',147,'2022-02-16 21:14:25'),('집,룩,집',147,'2022-02-16 21:14:25'),('룩',150,'2022-02-16 21:21:09'),('집,룩,집',150,'2022-02-16 21:21:09'),('룩',151,'2022-02-16 21:31:01'),('집,룩,집',151,'2022-02-16 21:31:01'),('룩',152,'2022-02-16 21:33:26'),('집,룩,집',152,'2022-02-16 21:33:26'),('집,룩',153,'2022-02-16 21:34:29'),('집,룩',154,'2022-02-16 21:35:30'),('집,룩',155,'2022-02-16 21:35:53'),('집,룩',156,'2022-02-16 21:38:47'),('ㅈ,집,룩',157,'2022-02-16 21:40:50'),('dfdf,asasas,dsdadsadasd',158,'2022-02-16 21:42:18'),('룩',159,'2022-02-16 21:42:37'),('집',159,'2022-02-16 21:42:37'),('룩',160,'2022-02-16 21:43:25'),('집,집',160,'2022-02-16 21:43:25'),('asdad',161,'2022-02-16 21:45:22'),('sadasd',161,'2022-02-16 21:45:22'),('sdads',161,'2022-02-16 21:45:22'),('크기',162,'2022-02-16 23:17:39'),('테스트',162,'2022-02-16 23:17:39'),('호캉스',163,'2022-02-16 23:40:13'),('운동',164,'2022-02-16 23:42:36'),('조깅',164,'2022-02-16 23:42:36'),('꾸안꾸',165,'2022-02-16 23:43:46'),('마트',167,'2022-02-16 23:46:01'),('편한옷',167,'2022-02-16 23:46:01'),('격식',168,'2022-02-16 23:47:32'),('결혼식',168,'2022-02-16 23:47:32'),('데일리',169,'2022-02-16 23:55:42'),('test',170,'2022-02-16 23:55:57'),('test',171,'2022-02-16 23:56:25'),('test',172,'2022-02-18 06:23:52'),('test',173,'2022-02-16 23:57:31'),('#배고파',178,'2022-02-18 04:43:23'),('#수정',178,'2022-02-18 04:43:23'),('#오늘도_철야',178,'2022-02-18 04:43:23'),('#코디수정',178,'2022-02-18 04:43:23'),('데일리',179,'2022-02-17 00:48:21'),('데일리',181,'2022-02-17 01:04:23'),('데일리',182,'2022-02-17 01:05:45'),('test',183,'2022-02-17 18:09:09'),('test_짅',183,'2022-02-17 18:09:09'),('잠옷',184,'2022-02-17 01:52:21'),('test',185,'2022-02-17 02:34:49'),('wewe',188,'2022-02-17 03:15:29'),('티',188,'2022-02-17 03:15:29'),('hghjgj',194,'2022-02-17 03:57:21'),('sdfsdf',194,'2022-02-17 03:57:21'),('dsdfsfsdf',196,'2022-02-17 05:33:52'),('테스트2',198,'2022-02-17 10:15:02'),('secret',200,'2022-02-17 17:54:49'),('test1',200,'2022-02-17 17:54:49'),('test3',200,'2022-02-17 17:54:49'),('다운톤',203,'2022-02-18 01:20:19'),('스트릿',203,'2022-02-18 01:20:19'),('스포츠',203,'2022-02-18 01:20:19'),('시크',203,'2022-02-18 01:20:19'),('데일리',204,'2022-02-18 01:21:20'),('스웨트',204,'2022-02-18 01:21:20'),('운동룩',204,'2022-02-18 01:21:20'),('평상시',204,'2022-02-18 01:21:20'),('공대생룩',205,'2022-02-18 01:22:09'),('귀여운',205,'2022-02-18 01:22:09'),('대충',206,'2022-02-18 01:23:12'),('마트룩',206,'2022-02-18 01:23:12'),('앞',206,'2022-02-18 01:23:12'),('예쁨',206,'2022-02-18 01:23:12'),('짚',206,'2022-02-18 01:23:12'),('회색후드',206,'2022-02-18 01:23:12'),('귀여움',207,'2022-02-18 01:24:10'),('마크곤잘레스',207,'2022-02-18 01:24:10'),('슬랙스',207,'2022-02-18 01:24:10'),('유정',208,'2022-02-18 01:24:45'),('출근룩',208,'2022-02-18 01:24:45'),('한껏멋부린',208,'2022-02-18 01:24:45'),('곰',209,'2022-02-18 01:25:25'),('스타일',209,'2022-02-18 01:25:25'),('큐티',209,'2022-02-18 01:25:25'),('괜찮아사랑이야',210,'2022-02-18 01:27:14'),('청바지',210,'2022-02-18 01:27:14'),('흰셔츠',210,'2022-02-18 01:27:14'),('갈',211,'2022-02-18 01:28:13'),('다크',211,'2022-02-18 01:28:13'),('됨',211,'2022-02-18 01:28:13'),('때',211,'2022-02-18 01:28:13'),('마시러',211,'2022-02-18 01:28:13'),('묻어도',211,'2022-02-18 01:28:13'),('뭐',211,'2022-02-18 01:28:13'),('술',211,'2022-02-18 01:28:13'),('데일리',212,'2022-02-18 01:29:27'),('캐주얼',212,'2022-02-18 01:29:27'),('test1',216,'2022-02-18 06:45:50'),('test2',216,'2022-02-18 06:45:50'),('test4',216,'2022-02-18 06:45:50'),('tset4',216,'2022-02-18 06:45:50'),('편한',217,'2022-02-18 09:28:31'),('가을',218,'2022-02-18 09:39:40'),('데일리',218,'2022-02-18 09:39:40'),('친구만날때',218,'2022-02-18 09:39:40'),('결혼식',219,'2022-02-18 10:09:00'),('중요한',219,'2022-02-18 10:09:00'),('맨날입는옷',220,'2022-02-18 10:10:01'),('추리닝',220,'2022-02-18 10:10:01'),('편한',220,'2022-02-18 10:10:01');
/*!40000 ALTER TABLE `cody_hashtag` ENABLE KEYS */;
UNLOCK TABLES;

--
-- Table structure for table `comment`
--

DROP TABLE IF EXISTS `comment`;
/*!40101 SET @saved_cs_client     = @@character_set_client */;
/*!40101 SET character_set_client = utf8 */;
CREATE TABLE `comment` (
  `feedId` int(11) NOT NULL,
  `commentId` int(11) NOT NULL AUTO_INCREMENT,
  `originId` int(11) DEFAULT NULL,
  `groupOrder` int(11) DEFAULT NULL,
  `content` varchar(300) DEFAULT NULL,
  `registrationDate` timestamp NOT NULL DEFAULT current_timestamp() ON UPDATE current_timestamp(),
  `writerName` varchar(45) DEFAULT NULL,
  PRIMARY KEY (`commentId`),
  KEY `fk_comment_feed_idx` (`feedId`),
  KEY `writerName` (`writerName`),
  CONSTRAINT `comment_ibfk_1` FOREIGN KEY (`writerName`) REFERENCES `user` (`userName`),
  CONSTRAINT `fk_comment_feed` FOREIGN KEY (`feedId`) REFERENCES `feed` (`feedId`) ON DELETE CASCADE ON UPDATE CASCADE
) ENGINE=InnoDB AUTO_INCREMENT=9 DEFAULT CHARSET=utf8mb4;
/*!40101 SET character_set_client = @saved_cs_client */;

--
-- Dumping data for table `comment`
--

LOCK TABLES `comment` WRITE;
/*!40000 ALTER TABLE `comment` DISABLE KEYS */;
/*!40000 ALTER TABLE `comment` ENABLE KEYS */;
UNLOCK TABLES;

--
-- Table structure for table `feed`
--

DROP TABLE IF EXISTS `feed`;
/*!40101 SET @saved_cs_client     = @@character_set_client */;
/*!40101 SET character_set_client = utf8 */;
CREATE TABLE `feed` (
  `feedId` int(11) NOT NULL AUTO_INCREMENT,
  `content` varchar(500) DEFAULT NULL,
  `registrationDate` timestamp NULL DEFAULT NULL,
  `codyId` int(11) DEFAULT NULL,
  `userName` varchar(45) DEFAULT NULL,
  PRIMARY KEY (`feedId`),
  KEY `fk_user_feed_idx` (`userName`),
  KEY `fk_cody_feed_idx` (`codyId`),
  CONSTRAINT `fk_cody_feed` FOREIGN KEY (`codyId`) REFERENCES `cody` (`codyId`) ON DELETE CASCADE ON UPDATE CASCADE,
  CONSTRAINT `fk_user_feed` FOREIGN KEY (`userName`) REFERENCES `user` (`userName`) ON DELETE CASCADE ON UPDATE CASCADE
) ENGINE=InnoDB AUTO_INCREMENT=15 DEFAULT CHARSET=utf8mb4;
/*!40101 SET character_set_client = @saved_cs_client */;

--
-- Dumping data for table `feed`
--

LOCK TABLES `feed` WRITE;
/*!40000 ALTER TABLE `feed` DISABLE KEYS */;
INSERT INTO `feed` VALUES (13,'피드 생성 테스트01','2022-02-14 03:12:11',121,'admin'),(14,'피드 생성 테스트01',NULL,121,'admin');
/*!40000 ALTER TABLE `feed` ENABLE KEYS */;
UNLOCK TABLES;

--
-- Table structure for table `follow`
--

DROP TABLE IF EXISTS `follow`;
/*!40101 SET @saved_cs_client     = @@character_set_client */;
/*!40101 SET character_set_client = utf8 */;
CREATE TABLE `follow` (
  `userName` varchar(45) NOT NULL,
  `following` varchar(45) NOT NULL,
  PRIMARY KEY (`userName`,`following`),
  KEY `ff_follow_user_idx` (`userName`),
  KEY `ff_follow_following_idx` (`following`),
  CONSTRAINT `ff_follow_following` FOREIGN KEY (`following`) REFERENCES `user` (`userName`) ON DELETE CASCADE ON UPDATE CASCADE,
  CONSTRAINT `ff_follow_user` FOREIGN KEY (`userName`) REFERENCES `user` (`userName`) ON DELETE CASCADE ON UPDATE CASCADE
) ENGINE=InnoDB DEFAULT CHARSET=utf8mb4;
/*!40101 SET character_set_client = @saved_cs_client */;

--
-- Dumping data for table `follow`
--

LOCK TABLES `follow` WRITE;
/*!40000 ALTER TABLE `follow` DISABLE KEYS */;
INSERT INTO `follow` VALUES ('admin','jisoon'),('admin','jyj'),('admin','jyj_test'),('admin','jyj_test2'),('admin','jyj_test3'),('admin','jyj_test4'),('admin','onys'),('admin','seoha'),('admin','test1'),('admin','woori'),('admin','yj'),('admin','yujin'),('admin','yujin3'),('admin','yujin_test01'),('admin','김태호'),('admin','이지순'),('admin','테스트'),('jyj','admin'),('seoha','admin'),('seoha','yujin'),('yj','admin'),('yj','jyj'),('yj','jyj_test2'),('귤','이지순'),('김유진','김태호'),('김태호','이지현'),('이지순','admin'),('태호','이지순'),('테스트','admin'),('테스트','jyj_test4'),('테스트','yujin_test01');
/*!40000 ALTER TABLE `follow` ENABLE KEYS */;
UNLOCK TABLES;

--
-- Table structure for table `hashtag`
--

DROP TABLE IF EXISTS `hashtag`;
/*!40101 SET @saved_cs_client     = @@character_set_client */;
/*!40101 SET character_set_client = utf8 */;
CREATE TABLE `hashtag` (
  `tagName` varchar(100) NOT NULL,
  PRIMARY KEY (`tagName`)
) ENGINE=InnoDB DEFAULT CHARSET=utf8mb4;
/*!40101 SET character_set_client = @saved_cs_client */;

--
-- Dumping data for table `hashtag`
--

LOCK TABLES `hashtag` WRITE;
/*!40000 ALTER TABLE `hashtag` DISABLE KEYS */;
INSERT INTO `hashtag` VALUES ('#2222'),('#22221111'),('#3/4'),('#7/8'),('#가죽'),('#갈색'),('#검정색'),('#겨울'),('#기타'),('#긴'),('#남녀공용'),('#남성'),('#니트웨어'),('#다색'),('#다크'),('#단락'),('#단추'),('#데님'),('#데일리'),('#도트'),('#라운드'),('#랩'),('#레이스'),('#롱'),('#리넨'),('#만들기_귀찮...'),('#면'),('#무늬가'),('#미니'),('#미들'),('#미디'),('#바이커'),('#바지'),('#배고파'),('#베이지색'),('#보머'),('#보이지'),('#보트넥'),('#블라우스'),('#비치'),('#빨간색'),('#사진'),('#상의'),('#생'),('#성인'),('#셔츠'),('#소매'),('#숏'),('#수정'),('#스웨이드'),('#스웨터'),('#스웨트셔츠'),('#스커트'),('#스퀘어'),('#스트라이프'),('#스트레이트'),('#스포츠'),('#실크'),('#심벌'),('#양복'),('#어깨'),('#어린이'),('#없음'),('#여성'),('#오늘도_철야'),('#오렌지색'),('#오버올'),('#옷'),('#옷입기귀찮'),('#와이드'),('#우아한'),('#운동복'),('#울'),('#원피스'),('#이렇게입고나감'),('#인조'),('#임시'),('#재킷'),('#점심메'),('#직물'),('#짧은'),('#청바지'),('#체크'),('#카울'),('#칵테일'),('#칼라'),('#코디생성'),('#코디수정'),('#코디없어'),('#코디없어1111'),('#퀼로트'),('#크루넥'),('#테스트'),('#테스트만들기귀찮'),('#텍스트'),('#트렌치'),('#티셔츠'),('#파일럿'),('#패턴'),('#펜슬'),('#평상복'),('#폴로'),('#폴카'),('#플레인'),('#플리츠'),('#핑크색'),('#하늘색'),('#하렘'),('#하얀색'),('#할거_많다.'),('#해링턴'),('#혼합물'),('#회색'),('#후드'),('#후크'),('&'),(',연락'),(',주세요'),(',훈남'),('11'),('13'),('7/8'),('asdad'),('dd'),('dd,ssss,aaaa,fdgdgf'),('dddd,eeeee'),('dddd,jjjjj,sssss,wsds'),('dfdf'),('dfdf,asasas,dsdadsadasd'),('dsd'),('dsdfsfsdf'),('fgfg,dssss'),('gghg'),('hghjgj'),('hjh'),('sadasd'),('sd,sdsd'),('sdads'),('sdfsdf'),('sds'),('sdsd'),('secret'),('sss,sd'),('tes1'),('test'),('test,해보자'),('test1'),('test2'),('test3'),('test4'),('test_짅'),('tset4'),('tset6'),('tste2'),('wewe'),('ㅈ,집,룩'),('가디건'),('가을'),('가을,조깅'),('가을,주황'),('가죽'),('갈'),('갈매기'),('갈색'),('검정색'),('격식'),('결혼식'),('고민'),('곰'),('공대생룩'),('괜찮아사랑이야'),('귀여운'),('귀여움'),('긴'),('꾸안꾸'),('끈'),('남녀공용'),('남색'),('남성'),('넥'),('놀이공원'),('니트웨어'),('다색'),('다운톤'),('다크'),('단추'),('대충'),('더플'),('데님'),('데일리'),('데일리,졸리다,니트'),('도트'),('됨'),('드레스'),('때'),('라운드'),('롱'),('룩'),('룰루'),('리넨'),('마시러'),('마크'),('마크곤잘레스'),('마트'),('마트룩'),('맨날입는옷'),('멜빵,청,무늬'),('면'),('묻어도'),('뭐'),('미니'),('미들'),('및'),('바람막이'),('바지'),('바지,추리닝'),('바지2'),('바지3'),('반팔,청바지,부츠'),('배고파'),('베이지색'),('부츠,멜빵'),('브이넥'),('블라우스'),('블루'),('비교'),('빨간스웨터'),('사진'),('상의'),('생기는건가,왜,생기나'),('성인'),('셔츠'),('소매'),('소프트쉘'),('숏'),('술'),('스웨이드'),('스웨터'),('스웨트'),('스웨트셔츠'),('스커트'),('스퀘어'),('스타일'),('스트라이프'),('스트레이트'),('스트릿'),('스파오'),('스포츠'),('스포츠맨'),('슬랙스'),('슬림'),('시크'),('실크'),('심벌'),('않는'),('앞'),('야근,열심히,하자,css,어렵다'),('양복'),('어깨'),('어린이'),('없는'),('여성'),('예쁨'),('오늘입음'),('오늘점심라면'),('오버올'),('올드스쿨'),('옷'),('와이드'),('완성본'),('외출복'),('우아한'),('운동'),('운동룩'),('운동복'),('울'),('원인을,찾아라'),('원피스'),('유정'),('음,콤마는,왜'),('읏추'),('이번에야말로,집'),('인조'),('일상,데일리,안녕'),('있는'),('있음'),('작업복'),('잠옷'),('재킷'),('조깅'),('중요한'),('직물'),('집'),('집,룩'),('집,룩,집'),('집,집'),('집,편함'),('집에서,오늘도,입음'),('짚'),('짧은'),('청바지'),('체크'),('추가주'),('추리닝'),('출근'),('출근룩'),('친구만날때'),('칼라'),('캐주얼'),('코디,모달'),('코트'),('큐티'),('크기'),('크루넥'),('크리스마스'),('태그1'),('태그2'),('태그3'),('태그4'),('태그6'),('태그7'),('태그8'),('태그9'),('턱시도'),('테스트'),('테스트,테스트중'),('테스트2'),('텍스트'),('트위드'),('티'),('패턴'),('팬츠'),('편한'),('편한옷'),('편함'),('평상복'),('평상시'),('플레인'),('하늘색'),('하늘색,무늬,청'),('하렘'),('하얀색'),('한껏멋부린'),('할머니'),('해링턴'),('호캉스'),('혹은'),('혼합물'),('회색'),('회색후드'),('후드'),('후크'),('흰셔츠');
/*!40000 ALTER TABLE `hashtag` ENABLE KEYS */;
UNLOCK TABLES;

--
-- Table structure for table `image`
--

DROP TABLE IF EXISTS `image`;
/*!40101 SET @saved_cs_client     = @@character_set_client */;
/*!40101 SET character_set_client = utf8 */;
CREATE TABLE `image` (
  `imageId` int(11) NOT NULL AUTO_INCREMENT,
  `imageUrl` varchar(500) DEFAULT NULL,
  `newImageName` varchar(200) DEFAULT NULL,
  `imagePath` varchar(500) DEFAULT NULL,
  PRIMARY KEY (`imageId`)
) ENGINE=InnoDB AUTO_INCREMENT=344 DEFAULT CHARSET=utf8mb4;
/*!40101 SET character_set_client = @saved_cs_client */;

--
-- Dumping data for table `image`
--

LOCK TABLES `image` WRITE;
/*!40000 ALTER TABLE `image` DISABLE KEYS */;
INSERT INTO `image` VALUES (1,'http://i6b108.p.ssafy.io:8000/images/6eeb1318-c4c4-4264-8ff4-3f5fa2f569d6_1644547485825.PNG','6eeb1318-c4c4-4264-8ff4-3f5fa2f569d6_1644547485825.PNG','/home/ubuntu/backend/download/6eeb1318-c4c4-4264-8ff4-3f5fa2f569d6_1644547485825.PNG'),(2,'http://i6b108.p.ssafy.io:8000/images/4f5e0399-ad64-4ad8-8d62-de23240d11e4_1644548311557.jpg','4f5e0399-ad64-4ad8-8d62-de23240d11e4_1644548311557.jpg','/home/ubuntu/backend/download/4f5e0399-ad64-4ad8-8d62-de23240d11e4_1644548311557.jpg'),(20,'http://i6b108.p.ssafy.io:8000/images/dbe6f513-dd47-4286-afaa-2fb7c2387fb9_1644563427409.jpg','dbe6f513-dd47-4286-afaa-2fb7c2387fb9_1644563427409.jpg','/home/ubuntu/backend/download/dbe6f513-dd47-4286-afaa-2fb7c2387fb9_1644563427409.jpg'),(21,'http://i6b108.p.ssafy.io:8000/images/e09fb4fb-54fb-4df0-9523-58e7d6d269bf_1644574321563.jpeg','e09fb4fb-54fb-4df0-9523-58e7d6d269bf_1644574321563.jpeg','/home/ubuntu/backend/download/e09fb4fb-54fb-4df0-9523-58e7d6d269bf_1644574321563.jpeg'),(22,'http://i6b108.p.ssafy.io:8000/images/74882e52-3b3d-41c2-a9c6-10f715d35338_1644574404101.jpeg','74882e52-3b3d-41c2-a9c6-10f715d35338_1644574404101.jpeg','/home/ubuntu/backend/download/74882e52-3b3d-41c2-a9c6-10f715d35338_1644574404101.jpeg'),(23,'http://i6b108.p.ssafy.io:8000/images/e27e62e1-c009-4b08-884f-f8716ef572ce_1644574561611.jpeg','e27e62e1-c009-4b08-884f-f8716ef572ce_1644574561611.jpeg','/home/ubuntu/backend/download/e27e62e1-c009-4b08-884f-f8716ef572ce_1644574561611.jpeg'),(24,'http://i6b108.p.ssafy.io:8000/images/4137c984-f930-4e8e-9906-8fc522202199_1644574825132.jpeg','4137c984-f930-4e8e-9906-8fc522202199_1644574825132.jpeg','/home/ubuntu/backend/download/4137c984-f930-4e8e-9906-8fc522202199_1644574825132.jpeg'),(27,'http://i6b108.p.ssafy.io:8000/images/7182c121-f36c-46e7-95fa-525b7d3f53cf_1644582454568.jpeg','7182c121-f36c-46e7-95fa-525b7d3f53cf_1644582454568.jpeg','/home/ubuntu/backend/download/7182c121-f36c-46e7-95fa-525b7d3f53cf_1644582454568.jpeg'),(28,'http://i6b108.p.ssafy.io:8000/images/aef48d6f-7461-4f2f-b0b1-e59fef4b503e_1644597110433.jpeg','aef48d6f-7461-4f2f-b0b1-e59fef4b503e_1644597110433.jpeg','/home/ubuntu/backend/download/aef48d6f-7461-4f2f-b0b1-e59fef4b503e_1644597110433.jpeg'),(30,'http://i6b108.p.ssafy.io:8000/images/cf6e6cd2-de98-4e08-9732-05d79795683f_1644597871519.jpeg','cf6e6cd2-de98-4e08-9732-05d79795683f_1644597871519.jpeg','/home/ubuntu/backend/download/cf6e6cd2-de98-4e08-9732-05d79795683f_1644597871519.jpeg'),(31,'http://i6b108.p.ssafy.io:8000/images/e3f351a5-a98e-4f49-9703-2d6611540ad5_1644598135472.jpeg','e3f351a5-a98e-4f49-9703-2d6611540ad5_1644598135472.jpeg','/home/ubuntu/backend/download/e3f351a5-a98e-4f49-9703-2d6611540ad5_1644598135472.jpeg'),(33,'http://i6b108.p.ssafy.io:8000/images/cea1d4e0-a922-4de7-b59b-b78f12ac5624_1644607759766.jpeg','cea1d4e0-a922-4de7-b59b-b78f12ac5624_1644607759766.jpeg','/home/ubuntu/backend/download/cea1d4e0-a922-4de7-b59b-b78f12ac5624_1644607759766.jpeg'),(34,'http://i6b108.p.ssafy.io:8000/images/7c5ed1a1-2ef3-4d54-9903-3484e4282059_1644614647292.jpeg','7c5ed1a1-2ef3-4d54-9903-3484e4282059_1644614647292.jpeg','/home/ubuntu/backend/download/7c5ed1a1-2ef3-4d54-9903-3484e4282059_1644614647292.jpeg'),(35,'http://i6b108.p.ssafy.io:8000/images/a6ee6099-ad52-480c-bfbf-b4bd71e96c81_1644615100008.jpeg','a6ee6099-ad52-480c-bfbf-b4bd71e96c81_1644615100008.jpeg','/home/ubuntu/backend/download/a6ee6099-ad52-480c-bfbf-b4bd71e96c81_1644615100008.jpeg'),(36,'http://i6b108.p.ssafy.io:8000/images/8e01db58-82f0-4314-a37d-c4850b26c6b7_1644617169370.jpg','8e01db58-82f0-4314-a37d-c4850b26c6b7_1644617169370.jpg','/home/ubuntu/backend/download/8e01db58-82f0-4314-a37d-c4850b26c6b7_1644617169370.jpg'),(38,'http://i6b108.p.ssafy.io:8000/images/216a6b8e-cbb2-4312-a0b4-6a99d5106616_1644655650544.jpeg','216a6b8e-cbb2-4312-a0b4-6a99d5106616_1644655650544.jpeg','/home/ubuntu/backend/download/216a6b8e-cbb2-4312-a0b4-6a99d5106616_1644655650544.jpeg'),(39,'http://i6b108.p.ssafy.io:8000/images/5bfb68a2-803b-467e-b98f-dc04f41b76e7_1644655653625.jpeg','5bfb68a2-803b-467e-b98f-dc04f41b76e7_1644655653625.jpeg','/home/ubuntu/backend/download/5bfb68a2-803b-467e-b98f-dc04f41b76e7_1644655653625.jpeg'),(40,'http://i6b108.p.ssafy.io:8000/images/a086a3f4-16eb-4f70-a505-c3bfdceb7d6a_1644655653713.jpeg','a086a3f4-16eb-4f70-a505-c3bfdceb7d6a_1644655653713.jpeg','/home/ubuntu/backend/download/a086a3f4-16eb-4f70-a505-c3bfdceb7d6a_1644655653713.jpeg'),(41,'http://i6b108.p.ssafy.io:8000/images/b7953792-f3b4-4ef9-97bf-7919cc3ddc86_1644655653760.jpeg','b7953792-f3b4-4ef9-97bf-7919cc3ddc86_1644655653760.jpeg','/home/ubuntu/backend/download/b7953792-f3b4-4ef9-97bf-7919cc3ddc86_1644655653760.jpeg'),(42,'http://i6b108.p.ssafy.io:8000/images/6b73c930-64fd-41c3-95ac-1c7c8a4dae27_1644658469251.jpeg','6b73c930-64fd-41c3-95ac-1c7c8a4dae27_1644658469251.jpeg','/home/ubuntu/backend/download/6b73c930-64fd-41c3-95ac-1c7c8a4dae27_1644658469251.jpeg'),(43,'http://i6b108.p.ssafy.io:8000/images/d4e13cdd-c982-490f-93fa-f270af6ab972_1644662132237.jpeg','d4e13cdd-c982-490f-93fa-f270af6ab972_1644662132237.jpeg','/home/ubuntu/backend/download/d4e13cdd-c982-490f-93fa-f270af6ab972_1644662132237.jpeg'),(44,'http://i6b108.p.ssafy.io:8000/images/3c7e968c-f405-4b00-a9b9-fd7d9977b03b_1644662700930.jpeg','3c7e968c-f405-4b00-a9b9-fd7d9977b03b_1644662700930.jpeg','/home/ubuntu/backend/download/3c7e968c-f405-4b00-a9b9-fd7d9977b03b_1644662700930.jpeg'),(45,'http://i6b108.p.ssafy.io:8000/images/6e5a7153-ff35-4d8b-a0f6-4e6b6c22ad08_1644666428655.jpeg','6e5a7153-ff35-4d8b-a0f6-4e6b6c22ad08_1644666428655.jpeg','/home/ubuntu/backend/download/6e5a7153-ff35-4d8b-a0f6-4e6b6c22ad08_1644666428655.jpeg'),(46,'http://i6b108.p.ssafy.io:8000/images/3e46d015-1216-41cd-a41f-645702d2fb7b_1644668331509.jpeg','3e46d015-1216-41cd-a41f-645702d2fb7b_1644668331509.jpeg','/home/ubuntu/backend/download/3e46d015-1216-41cd-a41f-645702d2fb7b_1644668331509.jpeg'),(47,'http://i6b108.p.ssafy.io:8000/images/c75d5ba3-3f5b-4c59-9a70-b1cce9dc1546_1644684207543.jpeg','c75d5ba3-3f5b-4c59-9a70-b1cce9dc1546_1644684207543.jpeg','/home/ubuntu/backend/download/c75d5ba3-3f5b-4c59-9a70-b1cce9dc1546_1644684207543.jpeg'),(48,'http://i6b108.p.ssafy.io:8000/images/9a0a2dfb-89be-4169-a39d-7dda187023d8_1644684616802.jpeg','9a0a2dfb-89be-4169-a39d-7dda187023d8_1644684616802.jpeg','/home/ubuntu/backend/download/9a0a2dfb-89be-4169-a39d-7dda187023d8_1644684616802.jpeg'),(49,'http://i6b108.p.ssafy.io:8000/images/17e290be-920c-40b3-a212-7d4a7d25f79f_1644686625764.jpeg','17e290be-920c-40b3-a212-7d4a7d25f79f_1644686625764.jpeg','/home/ubuntu/backend/download/17e290be-920c-40b3-a212-7d4a7d25f79f_1644686625764.jpeg'),(50,'http://i6b108.p.ssafy.io:8000/images/e372bcf5-ba18-4e78-ab4e-f50fb629c55b_1644686765752.jpeg','e372bcf5-ba18-4e78-ab4e-f50fb629c55b_1644686765752.jpeg','/home/ubuntu/backend/download/e372bcf5-ba18-4e78-ab4e-f50fb629c55b_1644686765752.jpeg'),(51,'http://i6b108.p.ssafy.io:8000/images/44db9014-6d1e-4607-a977-cdf3f20ebf4d_1644686772439.jpeg','44db9014-6d1e-4607-a977-cdf3f20ebf4d_1644686772439.jpeg','/home/ubuntu/backend/download/44db9014-6d1e-4607-a977-cdf3f20ebf4d_1644686772439.jpeg'),(53,'http://i6b108.p.ssafy.io:8000/images/c2e9a2c6-67bc-44ed-b678-2da7a1d2f402_1644687199644.jpeg','c2e9a2c6-67bc-44ed-b678-2da7a1d2f402_1644687199644.jpeg','/home/ubuntu/backend/download/c2e9a2c6-67bc-44ed-b678-2da7a1d2f402_1644687199644.jpeg'),(55,'http://i6b108.p.ssafy.io:8000/images/5447599c-7d95-4c2e-a063-cb3d1f64aa9d_1644688795820.png','5447599c-7d95-4c2e-a063-cb3d1f64aa9d_1644688795820.png','/home/ubuntu/backend/download/5447599c-7d95-4c2e-a063-cb3d1f64aa9d_1644688795820.png'),(57,'http://i6b108.p.ssafy.io:8000/images/800348fa-5216-4775-ae3c-aea05b937e86_1644729685200.jpg','800348fa-5216-4775-ae3c-aea05b937e86_1644729685200.jpg','/home/ubuntu/backend/download/800348fa-5216-4775-ae3c-aea05b937e86_1644729685200.jpg'),(58,'http://i6b108.p.ssafy.io:8000/images/31a6667c-90cf-4785-84ad-f833c3809216_1644731131993.jpeg','31a6667c-90cf-4785-84ad-f833c3809216_1644731131993.jpeg','/home/ubuntu/backend/download/31a6667c-90cf-4785-84ad-f833c3809216_1644731131993.jpeg'),(59,'http://i6b108.p.ssafy.io:8000/images/93ed2268-27df-49d0-9eb5-d8c11f040063_1644731140541.jpeg','93ed2268-27df-49d0-9eb5-d8c11f040063_1644731140541.jpeg','/home/ubuntu/backend/download/93ed2268-27df-49d0-9eb5-d8c11f040063_1644731140541.jpeg'),(60,'http://i6b108.p.ssafy.io:8000/images/9ca52c30-93be-4219-a071-309fb426f5ce_1644731143983.jpeg','9ca52c30-93be-4219-a071-309fb426f5ce_1644731143983.jpeg','/home/ubuntu/backend/download/9ca52c30-93be-4219-a071-309fb426f5ce_1644731143983.jpeg'),(61,'http://i6b108.p.ssafy.io:8000/images/e5ca3686-1102-442c-bb4e-bc4ad370a349_1644731294559.jpeg','e5ca3686-1102-442c-bb4e-bc4ad370a349_1644731294559.jpeg','/home/ubuntu/backend/download/e5ca3686-1102-442c-bb4e-bc4ad370a349_1644731294559.jpeg'),(62,'http://i6b108.p.ssafy.io:8000/images/51fe1037-a2b3-4449-88da-b7012ca9e8cd_1644731305137.jpeg','51fe1037-a2b3-4449-88da-b7012ca9e8cd_1644731305137.jpeg','/home/ubuntu/backend/download/51fe1037-a2b3-4449-88da-b7012ca9e8cd_1644731305137.jpeg'),(63,'http://i6b108.p.ssafy.io:8000/images/ebfe7f84-bef9-4df4-9aed-7c68138ff43a_1644731314341.jpeg','ebfe7f84-bef9-4df4-9aed-7c68138ff43a_1644731314341.jpeg','/home/ubuntu/backend/download/ebfe7f84-bef9-4df4-9aed-7c68138ff43a_1644731314341.jpeg'),(64,'http://i6b108.p.ssafy.io:8000/images/b4dd10a3-471d-4b72-a289-527eeddd9094_1644731314886.jpeg','b4dd10a3-471d-4b72-a289-527eeddd9094_1644731314886.jpeg','/home/ubuntu/backend/download/b4dd10a3-471d-4b72-a289-527eeddd9094_1644731314886.jpeg'),(65,'http://i6b108.p.ssafy.io:8000/images/31389ff9-3e39-4f9b-a36a-8c9f621a9aed_1644731315114.jpeg','31389ff9-3e39-4f9b-a36a-8c9f621a9aed_1644731315114.jpeg','/home/ubuntu/backend/download/31389ff9-3e39-4f9b-a36a-8c9f621a9aed_1644731315114.jpeg'),(66,'http://i6b108.p.ssafy.io:8000/images/eb3303cb-483e-4646-9cbf-2e66195c6a74_1644731319906.jpeg','eb3303cb-483e-4646-9cbf-2e66195c6a74_1644731319906.jpeg','/home/ubuntu/backend/download/eb3303cb-483e-4646-9cbf-2e66195c6a74_1644731319906.jpeg'),(67,'http://i6b108.p.ssafy.io:8000/images/093a0216-dc36-4234-95e5-7f8da7240e1a_1644731320180.jpeg','093a0216-dc36-4234-95e5-7f8da7240e1a_1644731320180.jpeg','/home/ubuntu/backend/download/093a0216-dc36-4234-95e5-7f8da7240e1a_1644731320180.jpeg'),(68,'http://i6b108.p.ssafy.io:8000/images/be92202d-e079-48e2-9aa7-05065091e444_1644735476826.png','be92202d-e079-48e2-9aa7-05065091e444_1644735476826.png','/home/ubuntu/backend/download/be92202d-e079-48e2-9aa7-05065091e444_1644735476826.png'),(69,'http://i6b108.p.ssafy.io:8000/images/0c49359d-1f0c-4c72-ab01-36ded8e386af_1644735529012.png','0c49359d-1f0c-4c72-ab01-36ded8e386af_1644735529012.png','/home/ubuntu/backend/download/0c49359d-1f0c-4c72-ab01-36ded8e386af_1644735529012.png'),(71,'http://i6b108.p.ssafy.io:8000/images/a4fbee15-517c-49ec-990c-1bf3bf1edcc3_1644739860316.png','a4fbee15-517c-49ec-990c-1bf3bf1edcc3_1644739860316.png','/home/ubuntu/backend/download/a4fbee15-517c-49ec-990c-1bf3bf1edcc3_1644739860316.png'),(72,'http://i6b108.p.ssafy.io:8000/images/87c9ec9c-d415-4e68-ba60-c94cbc481f9b_1644745579718.jpeg','87c9ec9c-d415-4e68-ba60-c94cbc481f9b_1644745579718.jpeg','/home/ubuntu/backend/download/87c9ec9c-d415-4e68-ba60-c94cbc481f9b_1644745579718.jpeg'),(73,'http://i6b108.p.ssafy.io:8000/images/3d1f6393-ff1b-4d1b-aa0c-d0b0f60e144b_1644778048634.jpeg','3d1f6393-ff1b-4d1b-aa0c-d0b0f60e144b_1644778048634.jpeg','/home/ubuntu/backend/download/3d1f6393-ff1b-4d1b-aa0c-d0b0f60e144b_1644778048634.jpeg'),(74,'http://i6b108.p.ssafy.io:8000/images/a2c11255-ddaf-4a0b-b638-6be1f0ede500_1644778087442.jpeg','a2c11255-ddaf-4a0b-b638-6be1f0ede500_1644778087442.jpeg','/home/ubuntu/backend/download/a2c11255-ddaf-4a0b-b638-6be1f0ede500_1644778087442.jpeg'),(75,'http://i6b108.p.ssafy.io:8000/images/a32a9fd0-a595-458a-b788-cfd0b40ea83d_1644778174390.jpeg','a32a9fd0-a595-458a-b788-cfd0b40ea83d_1644778174390.jpeg','/home/ubuntu/backend/download/a32a9fd0-a595-458a-b788-cfd0b40ea83d_1644778174390.jpeg'),(76,'http://i6b108.p.ssafy.io:8000/images/08cd3cd5-59fb-4884-b931-313ade9f75ce_1644778244903.jpeg','08cd3cd5-59fb-4884-b931-313ade9f75ce_1644778244903.jpeg','/home/ubuntu/backend/download/08cd3cd5-59fb-4884-b931-313ade9f75ce_1644778244903.jpeg'),(77,'http://i6b108.p.ssafy.io:8000/images/a33b847e-4f6d-4418-9312-51348e20addd_1644778533464.jpeg','a33b847e-4f6d-4418-9312-51348e20addd_1644778533464.jpeg','/home/ubuntu/backend/download/a33b847e-4f6d-4418-9312-51348e20addd_1644778533464.jpeg'),(78,'http://i6b108.p.ssafy.io:8000/images/07620add-db5e-44cd-9d28-9be341c2c926_1644779078268.jpeg','07620add-db5e-44cd-9d28-9be341c2c926_1644779078268.jpeg','/home/ubuntu/backend/download/07620add-db5e-44cd-9d28-9be341c2c926_1644779078268.jpeg'),(79,'http://i6b108.p.ssafy.io:8000/images/46de78f6-2cb8-4b38-9898-f0962ed5d125_1644779089612.jpeg','46de78f6-2cb8-4b38-9898-f0962ed5d125_1644779089612.jpeg','/home/ubuntu/backend/download/46de78f6-2cb8-4b38-9898-f0962ed5d125_1644779089612.jpeg'),(80,'http://i6b108.p.ssafy.io:8000/images/f1ded37a-810c-4668-94ea-499b8a785bd0_1644779745050.jpeg','f1ded37a-810c-4668-94ea-499b8a785bd0_1644779745050.jpeg','/home/ubuntu/backend/download/f1ded37a-810c-4668-94ea-499b8a785bd0_1644779745050.jpeg'),(81,'http://i6b108.p.ssafy.io:8000/images/f0a95031-3636-4cf7-aa42-96b61a9b052d_1644779780124.jpeg','f0a95031-3636-4cf7-aa42-96b61a9b052d_1644779780124.jpeg','/home/ubuntu/backend/download/f0a95031-3636-4cf7-aa42-96b61a9b052d_1644779780124.jpeg'),(82,'http://i6b108.p.ssafy.io:8000/images/96007ff2-ba19-4aa7-bf31-1a20ac5604ce_1644780901328.jpeg','96007ff2-ba19-4aa7-bf31-1a20ac5604ce_1644780901328.jpeg','/home/ubuntu/backend/download/96007ff2-ba19-4aa7-bf31-1a20ac5604ce_1644780901328.jpeg'),(83,'http://i6b108.p.ssafy.io:8000/images/8c814481-3f1d-43f3-a220-baf875d2ab57_1644800381822.jpeg','8c814481-3f1d-43f3-a220-baf875d2ab57_1644800381822.jpeg','/home/ubuntu/backend/download/8c814481-3f1d-43f3-a220-baf875d2ab57_1644800381822.jpeg'),(84,'http://i6b108.p.ssafy.io:8000/images/e8c86cec-f39c-43e1-aa04-9060b5b88192_1644800513811.jpeg','e8c86cec-f39c-43e1-aa04-9060b5b88192_1644800513811.jpeg','/home/ubuntu/backend/download/e8c86cec-f39c-43e1-aa04-9060b5b88192_1644800513811.jpeg'),(86,'http://i6b108.p.ssafy.io:8000/images/b28c36fe-607d-4964-bd38-14b7a67a082e_1644801468970.jpeg','b28c36fe-607d-4964-bd38-14b7a67a082e_1644801468970.jpeg','/home/ubuntu/backend/download/b28c36fe-607d-4964-bd38-14b7a67a082e_1644801468970.jpeg'),(88,'http://i6b108.p.ssafy.io:8000/images/13437855-e2ab-4312-8596-2d5525b9f143_1644801759652.jpeg','13437855-e2ab-4312-8596-2d5525b9f143_1644801759652.jpeg','/home/ubuntu/backend/download/13437855-e2ab-4312-8596-2d5525b9f143_1644801759652.jpeg'),(89,'http://i6b108.p.ssafy.io:8000/images/1c8a8c16-96ab-4d97-bbc6-06639a253690_1644801787175.jpeg','1c8a8c16-96ab-4d97-bbc6-06639a253690_1644801787175.jpeg','/home/ubuntu/backend/download/1c8a8c16-96ab-4d97-bbc6-06639a253690_1644801787175.jpeg'),(90,'http://i6b108.p.ssafy.io:8000/images/4f9dd62e-d1bf-4c75-9039-bf19896f0d62_1644802054235.png','4f9dd62e-d1bf-4c75-9039-bf19896f0d62_1644802054235.png','/home/ubuntu/backend/download/4f9dd62e-d1bf-4c75-9039-bf19896f0d62_1644802054235.png'),(91,'http://i6b108.p.ssafy.io:8000/images/8ce3a7f9-a198-4b03-934b-838c6343fdff_1644802140724.jpeg','8ce3a7f9-a198-4b03-934b-838c6343fdff_1644802140724.jpeg','/home/ubuntu/backend/download/8ce3a7f9-a198-4b03-934b-838c6343fdff_1644802140724.jpeg'),(92,'http://i6b108.p.ssafy.io:8000/images/356a5ac8-1669-42fd-be37-81d97fde1ad0_1644802296594.png','356a5ac8-1669-42fd-be37-81d97fde1ad0_1644802296594.png','/home/ubuntu/backend/download/356a5ac8-1669-42fd-be37-81d97fde1ad0_1644802296594.png'),(93,'http://i6b108.p.ssafy.io:8000/images/126cc60c-dec9-4151-a5de-0d612d2ab3d0_1644802357901.jpeg','126cc60c-dec9-4151-a5de-0d612d2ab3d0_1644802357901.jpeg','/home/ubuntu/backend/download/126cc60c-dec9-4151-a5de-0d612d2ab3d0_1644802357901.jpeg'),(94,'http://i6b108.p.ssafy.io:8000/images/425148b1-e11e-4850-ae64-a1a8b00b48b1_1644802596178.png','425148b1-e11e-4850-ae64-a1a8b00b48b1_1644802596178.png','/home/ubuntu/backend/download/425148b1-e11e-4850-ae64-a1a8b00b48b1_1644802596178.png'),(95,'http://i6b108.p.ssafy.io:8000/images/27a96e30-3d4a-4b0d-8fe3-f3ebb3a6808b_1644802665918.jpeg','27a96e30-3d4a-4b0d-8fe3-f3ebb3a6808b_1644802665918.jpeg','/home/ubuntu/backend/download/27a96e30-3d4a-4b0d-8fe3-f3ebb3a6808b_1644802665918.jpeg'),(96,'http://i6b108.p.ssafy.io:8000/images/766a81cd-8b5e-402b-9d03-659cd8714550_1644803193342.jpeg','766a81cd-8b5e-402b-9d03-659cd8714550_1644803193342.jpeg','/home/ubuntu/backend/download/766a81cd-8b5e-402b-9d03-659cd8714550_1644803193342.jpeg'),(97,'http://i6b108.p.ssafy.io:8000/images/2f50fc9d-645d-4178-87f5-2a09f2f394e2_1644803239037.jpeg','2f50fc9d-645d-4178-87f5-2a09f2f394e2_1644803239037.jpeg','/home/ubuntu/backend/download/2f50fc9d-645d-4178-87f5-2a09f2f394e2_1644803239037.jpeg'),(98,'http://i6b108.p.ssafy.io:8000/images/4dde6cd5-a5ed-4c4e-a25d-6f36d5818956_1644803257345.jpeg','4dde6cd5-a5ed-4c4e-a25d-6f36d5818956_1644803257345.jpeg','/home/ubuntu/backend/download/4dde6cd5-a5ed-4c4e-a25d-6f36d5818956_1644803257345.jpeg'),(99,'http://i6b108.p.ssafy.io:8000/images/b7a715f7-c5e4-402a-a30d-8a1a75328b22_1644803398358.jpeg','b7a715f7-c5e4-402a-a30d-8a1a75328b22_1644803398358.jpeg','/home/ubuntu/backend/download/b7a715f7-c5e4-402a-a30d-8a1a75328b22_1644803398358.jpeg'),(100,'http://i6b108.p.ssafy.io:8000/images/2189e0eb-cc6a-4b68-9b84-02efa91e348e_1644803989288.jpeg','2189e0eb-cc6a-4b68-9b84-02efa91e348e_1644803989288.jpeg','/home/ubuntu/backend/download/2189e0eb-cc6a-4b68-9b84-02efa91e348e_1644803989288.jpeg'),(101,'http://i6b108.p.ssafy.io:8000/images/f4f5a88c-04e0-4143-8689-81188a924a53_1644804328219.png','f4f5a88c-04e0-4143-8689-81188a924a53_1644804328219.png','/home/ubuntu/backend/download/f4f5a88c-04e0-4143-8689-81188a924a53_1644804328219.png'),(102,'http://i6b108.p.ssafy.io:8000/images/e8082ba2-0c30-4421-b12b-61676ed19665_1644805193917.jpeg','e8082ba2-0c30-4421-b12b-61676ed19665_1644805193917.jpeg','/home/ubuntu/backend/download/e8082ba2-0c30-4421-b12b-61676ed19665_1644805193917.jpeg'),(104,'','d3b05ef3-cb95-4e7f-84a7-d4dfafe8c20b_1644805865069.png','/home/ubuntu/backend/download/d3b05ef3-cb95-4e7f-84a7-d4dfafe8c20b_1644805865069.png'),(106,'','d1313dbd-48e6-4202-88ba-032b795844f2_1644816965596.png','/home/ubuntu/backend/download/d1313dbd-48e6-4202-88ba-032b795844f2_1644816965596.png'),(107,'','cbddf861-c1f1-4b53-a459-00ecc39ae8ab_1644817365376.png','/home/ubuntu/backend/download/cbddf861-c1f1-4b53-a459-00ecc39ae8ab_1644817365376.png'),(108,'','d223c674-9984-4dd9-9870-43469ac2b11a_1644823558236.png','/home/ubuntu/backend/download/d223c674-9984-4dd9-9870-43469ac2b11a_1644823558236.png'),(109,'','3ccdcaf9-e3e6-4abb-a8fd-b248bab08c2f_1644824437223.png','/home/ubuntu/backend/download/3ccdcaf9-e3e6-4abb-a8fd-b248bab08c2f_1644824437223.png'),(110,'','187168b7-bea1-4fc1-8fa7-37e349d30210_1644824443849.png','/home/ubuntu/backend/download/187168b7-bea1-4fc1-8fa7-37e349d30210_1644824443849.png'),(111,'http://i6b108.p.ssafy.io:8000/images/327154d3-a724-48b8-965a-37923a77dc29_1644829200326.jpeg','327154d3-a724-48b8-965a-37923a77dc29_1644829200326.jpeg','/home/ubuntu/backend/download/327154d3-a724-48b8-965a-37923a77dc29_1644829200326.jpeg'),(112,'http://i6b108.p.ssafy.io:8000/images/88946d06-d065-47b2-9ffd-96b85b54d17c_1644829284035.jpeg','88946d06-d065-47b2-9ffd-96b85b54d17c_1644829284035.jpeg','/home/ubuntu/backend/download/88946d06-d065-47b2-9ffd-96b85b54d17c_1644829284035.jpeg'),(114,'http://i6b108.p.ssafy.io:8000/images/cad7e97f-477d-460f-a4d1-8fac54e90f4d_1644854441501.png','cad7e97f-477d-460f-a4d1-8fac54e90f4d_1644854441501.png','/home/ubuntu/backend/download/cad7e97f-477d-460f-a4d1-8fac54e90f4d_1644854441501.png'),(115,'http://i6b108.p.ssafy.io:8000/images/b90c981d-94c4-462a-8094-1942ae67202c_1644854444213.png','b90c981d-94c4-462a-8094-1942ae67202c_1644854444213.png','/home/ubuntu/backend/download/b90c981d-94c4-462a-8094-1942ae67202c_1644854444213.png'),(116,'http://i6b108.p.ssafy.io:8000/images/f3a6cc6e-edfb-45d3-a45f-9f9fefc2627a_1644854747750.png','f3a6cc6e-edfb-45d3-a45f-9f9fefc2627a_1644854747750.png','/home/ubuntu/backend/download/f3a6cc6e-edfb-45d3-a45f-9f9fefc2627a_1644854747750.png'),(117,'http://i6b108.p.ssafy.io:8000/images/005bb001-60e5-483a-b987-8312a5888767_1644855566892.jpeg','005bb001-60e5-483a-b987-8312a5888767_1644855566892.jpeg','/home/ubuntu/backend/download/005bb001-60e5-483a-b987-8312a5888767_1644855566892.jpeg'),(118,'http://i6b108.p.ssafy.io:8000/images/92b72638-1670-4f1a-938f-3bf6dd373d3d_1644860860653.png','92b72638-1670-4f1a-938f-3bf6dd373d3d_1644860860653.png','/home/ubuntu/backend/download/92b72638-1670-4f1a-938f-3bf6dd373d3d_1644860860653.png'),(119,'http://i6b108.p.ssafy.io:8000/images/c323c482-93c1-4ce1-953e-464ded40dc62_1644860945128.png','c323c482-93c1-4ce1-953e-464ded40dc62_1644860945128.png','/home/ubuntu/backend/download/c323c482-93c1-4ce1-953e-464ded40dc62_1644860945128.png'),(120,'http://i6b108.p.ssafy.io:8000/images/d4529da2-08f8-48f7-b8cb-75450ea13d30_1644865146773.png','d4529da2-08f8-48f7-b8cb-75450ea13d30_1644865146773.png','/home/ubuntu/backend/download/d4529da2-08f8-48f7-b8cb-75450ea13d30_1644865146773.png'),(121,'http://i6b108.p.ssafy.io:8000/images/e11ba3d5-f316-4f88-a569-6d0bee82cb71_1644865942986.png','e11ba3d5-f316-4f88-a569-6d0bee82cb71_1644865942986.png','/home/ubuntu/backend/download/e11ba3d5-f316-4f88-a569-6d0bee82cb71_1644865942986.png'),(122,'http://i6b108.p.ssafy.io:8000/images/1076f615-613d-4bd6-a308-a70599562cf9_1644867777135.png','1076f615-613d-4bd6-a308-a70599562cf9_1644867777135.png','/home/ubuntu/backend/download/1076f615-613d-4bd6-a308-a70599562cf9_1644867777135.png'),(123,'http://i6b108.p.ssafy.io:8000/images/edb88170-de7d-4bce-a5d8-ce787ee2547c_1644868278719.png','edb88170-de7d-4bce-a5d8-ce787ee2547c_1644868278719.png','/home/ubuntu/backend/download/edb88170-de7d-4bce-a5d8-ce787ee2547c_1644868278719.png'),(124,'http://i6b108.p.ssafy.io:8000/images/531e9377-65bd-4598-9968-6897be3a1122_1644882878362.png','531e9377-65bd-4598-9968-6897be3a1122_1644882878362.png','/home/ubuntu/backend/download/531e9377-65bd-4598-9968-6897be3a1122_1644882878362.png'),(125,'http://i6b108.p.ssafy.io:8000/images/ec169145-c4fc-4296-990f-220c66770539_1644887673043.jpeg','ec169145-c4fc-4296-990f-220c66770539_1644887673043.jpeg','/home/ubuntu/backend/download/ec169145-c4fc-4296-990f-220c66770539_1644887673043.jpeg'),(127,'http://i6b108.p.ssafy.io:8000/images/e18481c1-c918-468d-803b-e8f725289a00_1644897273694.jpeg','e18481c1-c918-468d-803b-e8f725289a00_1644897273694.jpeg','/home/ubuntu/backend/download/e18481c1-c918-468d-803b-e8f725289a00_1644897273694.jpeg'),(128,'http://i6b108.p.ssafy.io:8000/images/04e3180a-43f5-439e-bcaa-721c042bbd3e_1644899698795.jpeg','04e3180a-43f5-439e-bcaa-721c042bbd3e_1644899698795.jpeg','/home/ubuntu/backend/download/04e3180a-43f5-439e-bcaa-721c042bbd3e_1644899698795.jpeg'),(134,'http://i6b108.p.ssafy.io:8000/images/e54e550c-19fd-4d96-afbc-742d57e6d86d_1644901408899.png','e54e550c-19fd-4d96-afbc-742d57e6d86d_1644901408899.png','/home/ubuntu/backend/download/e54e550c-19fd-4d96-afbc-742d57e6d86d_1644901408899.png'),(136,'http://i6b108.p.ssafy.io:8000/images/708f8204-513e-410f-8813-f136347ce102_1644901786222.jpeg','708f8204-513e-410f-8813-f136347ce102_1644901786222.jpeg','/home/ubuntu/backend/download/708f8204-513e-410f-8813-f136347ce102_1644901786222.jpeg'),(138,'http://i6b108.p.ssafy.io:8000/images/8df74469-b82f-429d-86eb-e74b678359fa_1644902621594.jpeg','8df74469-b82f-429d-86eb-e74b678359fa_1644902621594.jpeg','/home/ubuntu/backend/download/8df74469-b82f-429d-86eb-e74b678359fa_1644902621594.jpeg'),(140,'http://i6b108.p.ssafy.io:8000/images/9c64fdce-774c-4cfc-8d4d-68bc1e394213_1644903042099.jpeg','9c64fdce-774c-4cfc-8d4d-68bc1e394213_1644903042099.jpeg','/home/ubuntu/backend/download/9c64fdce-774c-4cfc-8d4d-68bc1e394213_1644903042099.jpeg'),(141,'http://i6b108.p.ssafy.io:8000/images/0715c259-0558-49f8-840b-d7efd2717f07_1644903080803.jpeg','0715c259-0558-49f8-840b-d7efd2717f07_1644903080803.jpeg','/home/ubuntu/backend/download/0715c259-0558-49f8-840b-d7efd2717f07_1644903080803.jpeg'),(142,'http://i6b108.p.ssafy.io:8000/images/f3179176-9b23-454a-89e1-7a492d75fa1c_1644903386761.jpeg','f3179176-9b23-454a-89e1-7a492d75fa1c_1644903386761.jpeg','/home/ubuntu/backend/download/f3179176-9b23-454a-89e1-7a492d75fa1c_1644903386761.jpeg'),(143,'http://i6b108.p.ssafy.io:8000/images/c8ea38ce-a7f2-4367-af22-e17ba8f3e15a_1644903959010.png','c8ea38ce-a7f2-4367-af22-e17ba8f3e15a_1644903959010.png','/home/ubuntu/backend/download/c8ea38ce-a7f2-4367-af22-e17ba8f3e15a_1644903959010.png'),(144,'http://i6b108.p.ssafy.io:8000/images/3d4ab4fc-78a1-45ea-bcdf-4bd386604219_1644904043136.png','3d4ab4fc-78a1-45ea-bcdf-4bd386604219_1644904043136.png','/home/ubuntu/backend/download/3d4ab4fc-78a1-45ea-bcdf-4bd386604219_1644904043136.png'),(147,'http://i6b108.p.ssafy.io:8000/images/bc3b4362-d4c4-4803-b2f0-c998b7c6a41b_1644904495827.jpg','bc3b4362-d4c4-4803-b2f0-c998b7c6a41b_1644904495827.jpg','/home/ubuntu/backend/download/bc3b4362-d4c4-4803-b2f0-c998b7c6a41b_1644904495827.jpg'),(148,'http://i6b108.p.ssafy.io:8000/images/b743193c-b307-426a-aaeb-b21078242ab8_1644904528920.jpeg','b743193c-b307-426a-aaeb-b21078242ab8_1644904528920.jpeg','/home/ubuntu/backend/download/b743193c-b307-426a-aaeb-b21078242ab8_1644904528920.jpeg'),(149,'http://i6b108.p.ssafy.io:8000/images/aadd2f90-8717-4961-b441-8246a5082cba_1644905173559.jpeg','aadd2f90-8717-4961-b441-8246a5082cba_1644905173559.jpeg','/home/ubuntu/backend/download/aadd2f90-8717-4961-b441-8246a5082cba_1644905173559.jpeg'),(150,'http://i6b108.p.ssafy.io:8000/images/1be2a204-fced-42bb-a888-2591e890bcd7_1644906661933.jpeg','1be2a204-fced-42bb-a888-2591e890bcd7_1644906661933.jpeg','/home/ubuntu/backend/download/1be2a204-fced-42bb-a888-2591e890bcd7_1644906661933.jpeg'),(151,'http://i6b108.p.ssafy.io:8000/images/e03da19b-cc1d-47d1-8eca-31acab1a73db_1644908433234.png','e03da19b-cc1d-47d1-8eca-31acab1a73db_1644908433234.png','/home/ubuntu/backend/download/e03da19b-cc1d-47d1-8eca-31acab1a73db_1644908433234.png'),(152,'http://i6b108.p.ssafy.io:8000/images/50415405-cf2f-4b53-8869-98f52d08ae31_1644914499656.png','50415405-cf2f-4b53-8869-98f52d08ae31_1644914499656.png','/home/ubuntu/backend/download/50415405-cf2f-4b53-8869-98f52d08ae31_1644914499656.png'),(153,'http://i6b108.p.ssafy.io:8000/images/a9ffff03-2971-4bed-9de5-911ee8f7bb24_1644914552314.png','a9ffff03-2971-4bed-9de5-911ee8f7bb24_1644914552314.png','/home/ubuntu/backend/download/a9ffff03-2971-4bed-9de5-911ee8f7bb24_1644914552314.png'),(154,'http://i6b108.p.ssafy.io:8000/images/0aedc1b3-b0bf-41d7-82a1-15a7f937095a_1644914754828.png','0aedc1b3-b0bf-41d7-82a1-15a7f937095a_1644914754828.png','/home/ubuntu/backend/download/0aedc1b3-b0bf-41d7-82a1-15a7f937095a_1644914754828.png'),(155,'http://i6b108.p.ssafy.io:8000/images/2db07d4d-5150-4f9b-940c-f856f00f109e_1644916147121.png','2db07d4d-5150-4f9b-940c-f856f00f109e_1644916147121.png','/home/ubuntu/backend/download/2db07d4d-5150-4f9b-940c-f856f00f109e_1644916147121.png'),(157,'http://i6b108.p.ssafy.io:8000/images/07148c1a-5a3f-442b-8488-11ee33b63977_1644916414513.jpeg','07148c1a-5a3f-442b-8488-11ee33b63977_1644916414513.jpeg','/home/ubuntu/backend/download/07148c1a-5a3f-442b-8488-11ee33b63977_1644916414513.jpeg'),(158,'http://i6b108.p.ssafy.io:8000/images/e7fafe35-65ac-4103-9880-a6e69d33526c_1644916436547.jpeg','e7fafe35-65ac-4103-9880-a6e69d33526c_1644916436547.jpeg','/home/ubuntu/backend/download/e7fafe35-65ac-4103-9880-a6e69d33526c_1644916436547.jpeg'),(160,'http://i6b108.p.ssafy.io:8000/images/7a7362ac-a758-4b24-a796-7b47e6c0d356_1644942657337.png','7a7362ac-a758-4b24-a796-7b47e6c0d356_1644942657337.png','/home/ubuntu/backend/download/7a7362ac-a758-4b24-a796-7b47e6c0d356_1644942657337.png'),(162,'http://i6b108.p.ssafy.io:8000/images/62250ee1-3a5b-4d2e-abb0-9ae9a4b09794_1644965336533.jpeg','62250ee1-3a5b-4d2e-abb0-9ae9a4b09794_1644965336533.jpeg','/home/ubuntu/backend/download/62250ee1-3a5b-4d2e-abb0-9ae9a4b09794_1644965336533.jpeg'),(163,'http://i6b108.p.ssafy.io:8000/images/07d4b543-02df-4f34-a447-194eb955c6d8_1644975248669.png','07d4b543-02df-4f34-a447-194eb955c6d8_1644975248669.png','/home/ubuntu/backend/download/07d4b543-02df-4f34-a447-194eb955c6d8_1644975248669.png'),(164,'http://i6b108.p.ssafy.io:8000/images/54529238-8d95-47ae-bf4a-366ce7f97fd5_1644975566161.png','54529238-8d95-47ae-bf4a-366ce7f97fd5_1644975566161.png','/home/ubuntu/backend/download/54529238-8d95-47ae-bf4a-366ce7f97fd5_1644975566161.png'),(165,'http://i6b108.p.ssafy.io:8000/images/7ff573a2-343e-4b0a-91a1-3bcc21c8998c_1644975777302.jpeg','7ff573a2-343e-4b0a-91a1-3bcc21c8998c_1644975777302.jpeg','/home/ubuntu/backend/download/7ff573a2-343e-4b0a-91a1-3bcc21c8998c_1644975777302.jpeg'),(166,'http://i6b108.p.ssafy.io:8000/images/bbfa1a3b-538a-428b-8c73-eb8b4e053cd6_1644976287184.png','bbfa1a3b-538a-428b-8c73-eb8b4e053cd6_1644976287184.png','/home/ubuntu/backend/download/bbfa1a3b-538a-428b-8c73-eb8b4e053cd6_1644976287184.png'),(167,'http://i6b108.p.ssafy.io:8000/images/4d400a72-63e4-421c-87ee-6ee8b0d1e748_1644976296970.png','4d400a72-63e4-421c-87ee-6ee8b0d1e748_1644976296970.png','/home/ubuntu/backend/download/4d400a72-63e4-421c-87ee-6ee8b0d1e748_1644976296970.png'),(168,'http://i6b108.p.ssafy.io:8000/images/2519288e-7c5b-4485-a1fd-3be8f60aa6eb_1644976943620.jpeg','2519288e-7c5b-4485-a1fd-3be8f60aa6eb_1644976943620.jpeg','/home/ubuntu/backend/download/2519288e-7c5b-4485-a1fd-3be8f60aa6eb_1644976943620.jpeg'),(169,'http://i6b108.p.ssafy.io:8000/images/def1dd51-a05b-4faa-a7bd-fd14dfc9c81a_1644978369460.jpeg','def1dd51-a05b-4faa-a7bd-fd14dfc9c81a_1644978369460.jpeg','/home/ubuntu/backend/download/def1dd51-a05b-4faa-a7bd-fd14dfc9c81a_1644978369460.jpeg'),(170,'http://i6b108.p.ssafy.io:8000/images/19a689a8-60db-4194-9c9d-8c54ac39124c_1644978524913.png','19a689a8-60db-4194-9c9d-8c54ac39124c_1644978524913.png','/home/ubuntu/backend/download/19a689a8-60db-4194-9c9d-8c54ac39124c_1644978524913.png'),(171,'http://i6b108.p.ssafy.io:8000/images/4a833930-7f79-4b4f-b412-80a05e67aba7_1644983182023.jpeg','4a833930-7f79-4b4f-b412-80a05e67aba7_1644983182023.jpeg','/home/ubuntu/backend/download/4a833930-7f79-4b4f-b412-80a05e67aba7_1644983182023.jpeg'),(172,'http://i6b108.p.ssafy.io:8000/images/a2fbb7cb-1e12-4154-8f90-2dacdd21086b_1644983481650.jpeg','a2fbb7cb-1e12-4154-8f90-2dacdd21086b_1644983481650.jpeg','/home/ubuntu/backend/download/a2fbb7cb-1e12-4154-8f90-2dacdd21086b_1644983481650.jpeg'),(174,'http://i6b108.p.ssafy.io:8000/images/71ec2d41-5fb6-4a95-be4e-ba3539b60b99_1644983874958.jpeg','71ec2d41-5fb6-4a95-be4e-ba3539b60b99_1644983874958.jpeg','/home/ubuntu/backend/download/71ec2d41-5fb6-4a95-be4e-ba3539b60b99_1644983874958.jpeg'),(175,'http://i6b108.p.ssafy.io:8000/images/ed0c1173-a75b-4970-b4c9-426065bbbc29_1644985517742.jpeg','ed0c1173-a75b-4970-b4c9-426065bbbc29_1644985517742.jpeg','/home/ubuntu/backend/download/ed0c1173-a75b-4970-b4c9-426065bbbc29_1644985517742.jpeg'),(176,'http://i6b108.p.ssafy.io:8000/images/0cb879f4-6355-47b5-981b-a94f631ab511_1644985581498.jpeg','0cb879f4-6355-47b5-981b-a94f631ab511_1644985581498.jpeg','/home/ubuntu/backend/download/0cb879f4-6355-47b5-981b-a94f631ab511_1644985581498.jpeg'),(177,'http://i6b108.p.ssafy.io:8000/images/ceae66b4-8325-4886-8f8c-b64ece48361f_1644985618420.jpeg','ceae66b4-8325-4886-8f8c-b64ece48361f_1644985618420.jpeg','/home/ubuntu/backend/download/ceae66b4-8325-4886-8f8c-b64ece48361f_1644985618420.jpeg'),(178,'http://i6b108.p.ssafy.io:8000/images/becce524-e266-47d6-a6fb-95ca524b8986_1644985647552.jpeg','becce524-e266-47d6-a6fb-95ca524b8986_1644985647552.jpeg','/home/ubuntu/backend/download/becce524-e266-47d6-a6fb-95ca524b8986_1644985647552.jpeg'),(179,'http://i6b108.p.ssafy.io:8000/images/a68b0ea9-85e0-48a4-b577-2b1027a90c27_1644985878823.png','a68b0ea9-85e0-48a4-b577-2b1027a90c27_1644985878823.png','/home/ubuntu/backend/download/a68b0ea9-85e0-48a4-b577-2b1027a90c27_1644985878823.png'),(180,'http://i6b108.p.ssafy.io:8000/images/e7fabcb5-0ebc-475e-acd1-077f5e011503_1644985917041.jpeg','e7fabcb5-0ebc-475e-acd1-077f5e011503_1644985917041.jpeg','/home/ubuntu/backend/download/e7fabcb5-0ebc-475e-acd1-077f5e011503_1644985917041.jpeg'),(181,'http://i6b108.p.ssafy.io:8000/images/93d15bb9-737e-40a1-8d7e-48ec8e857971_1644989051577.png','93d15bb9-737e-40a1-8d7e-48ec8e857971_1644989051577.png','/home/ubuntu/backend/download/93d15bb9-737e-40a1-8d7e-48ec8e857971_1644989051577.png'),(183,'http://i6b108.p.ssafy.io:8000/images/371a389d-f820-486c-8182-b610a3712944_1645003588694.png','371a389d-f820-486c-8182-b610a3712944_1645003588694.png','/home/ubuntu/backend/download/371a389d-f820-486c-8182-b610a3712944_1645003588694.png'),(184,'http://i6b108.p.ssafy.io:8000/images/e2945fe9-caf2-4e14-8a5c-497f782c01ef_1645003802791.png','e2945fe9-caf2-4e14-8a5c-497f782c01ef_1645003802791.png','/home/ubuntu/backend/download/e2945fe9-caf2-4e14-8a5c-497f782c01ef_1645003802791.png'),(185,'http://i6b108.p.ssafy.io:8000/images/0d7755f3-a387-4099-8e25-df010819442a_1645004210766.png','0d7755f3-a387-4099-8e25-df010819442a_1645004210766.png','/home/ubuntu/backend/download/0d7755f3-a387-4099-8e25-df010819442a_1645004210766.png'),(186,'http://i6b108.p.ssafy.io:8000/images/374954a2-17cb-485d-b285-a80ca3e2a1aa_1645004610621.jpeg','374954a2-17cb-485d-b285-a80ca3e2a1aa_1645004610621.jpeg','/home/ubuntu/backend/download/374954a2-17cb-485d-b285-a80ca3e2a1aa_1645004610621.jpeg'),(187,'http://i6b108.p.ssafy.io:8000/images/e76707ca-d579-4652-8782-e4d7b7e1ffa0_1645004777196.jpeg','e76707ca-d579-4652-8782-e4d7b7e1ffa0_1645004777196.jpeg','/home/ubuntu/backend/download/e76707ca-d579-4652-8782-e4d7b7e1ffa0_1645004777196.jpeg'),(188,'http://i6b108.p.ssafy.io:8000/images/57b05a31-bf56-4d26-92f5-69ef93b99ba7_1645004815433.png','57b05a31-bf56-4d26-92f5-69ef93b99ba7_1645004815433.png','/home/ubuntu/backend/download/57b05a31-bf56-4d26-92f5-69ef93b99ba7_1645004815433.png'),(189,'http://i6b108.p.ssafy.io:8000/images/f3a52682-afac-4eee-80dc-43730adc4623_1645004837292.jpeg','f3a52682-afac-4eee-80dc-43730adc4623_1645004837292.jpeg','/home/ubuntu/backend/download/f3a52682-afac-4eee-80dc-43730adc4623_1645004837292.jpeg'),(190,'http://i6b108.p.ssafy.io:8000/images/c8979da8-6487-4621-9999-195421305c41_1645010936134.png','c8979da8-6487-4621-9999-195421305c41_1645010936134.png','/home/ubuntu/backend/download/c8979da8-6487-4621-9999-195421305c41_1645010936134.png'),(191,'http://i6b108.p.ssafy.io:8000/images/d3c92a79-1dc5-4ad5-8364-2c1e5de87615_1645011126443.png','d3c92a79-1dc5-4ad5-8364-2c1e5de87615_1645011126443.png','/home/ubuntu/backend/download/d3c92a79-1dc5-4ad5-8364-2c1e5de87615_1645011126443.png'),(193,'http://i6b108.p.ssafy.io:8000/images/4cf6c52b-61a2-42ea-b4af-ba830f7e11bc_1645012750498.jpeg','4cf6c52b-61a2-42ea-b4af-ba830f7e11bc_1645012750498.jpeg','/home/ubuntu/backend/download/4cf6c52b-61a2-42ea-b4af-ba830f7e11bc_1645012750498.jpeg'),(194,'http://i6b108.p.ssafy.io:8000/images/c149971b-e230-4285-9587-22dab481c28e_1645012844546.jpeg','c149971b-e230-4285-9587-22dab481c28e_1645012844546.jpeg','/home/ubuntu/backend/download/c149971b-e230-4285-9587-22dab481c28e_1645012844546.jpeg'),(195,'http://i6b108.p.ssafy.io:8000/images/ab8c7e2b-4d28-4d1c-9e91-816fd2587373_1645013131960.jpeg','ab8c7e2b-4d28-4d1c-9e91-816fd2587373_1645013131960.jpeg','/home/ubuntu/backend/download/ab8c7e2b-4d28-4d1c-9e91-816fd2587373_1645013131960.jpeg'),(196,'http://i6b108.p.ssafy.io:8000/images/d5b8fd8b-e140-4e45-89db-8d1327bd320f_1645013326012.jpeg','d5b8fd8b-e140-4e45-89db-8d1327bd320f_1645013326012.jpeg','/home/ubuntu/backend/download/d5b8fd8b-e140-4e45-89db-8d1327bd320f_1645013326012.jpeg'),(197,'http://i6b108.p.ssafy.io:8000/images/8d1e5ac3-7e0d-4b03-bcf5-4d0ca11a8c3a_1645013665431.jpeg','8d1e5ac3-7e0d-4b03-bcf5-4d0ca11a8c3a_1645013665431.jpeg','/home/ubuntu/backend/download/8d1e5ac3-7e0d-4b03-bcf5-4d0ca11a8c3a_1645013665431.jpeg'),(198,'http://i6b108.p.ssafy.io:8000/images/8309904b-6366-49d1-8006-7af43d61e07f_1645013778483.png','8309904b-6366-49d1-8006-7af43d61e07f_1645013778483.png','/home/ubuntu/backend/download/8309904b-6366-49d1-8006-7af43d61e07f_1645013778483.png'),(201,'http://i6b108.p.ssafy.io:8000/images/6897333d-8385-49cb-a30d-5599a9c39d18_1645014069622.jpeg','6897333d-8385-49cb-a30d-5599a9c39d18_1645014069622.jpeg','/home/ubuntu/backend/download/6897333d-8385-49cb-a30d-5599a9c39d18_1645014069622.jpeg'),(202,'http://i6b108.p.ssafy.io:8000/images/74a5fbd1-eac5-4800-9efa-9cfdac507da6_1645014661131.jpeg','74a5fbd1-eac5-4800-9efa-9cfdac507da6_1645014661131.jpeg','/home/ubuntu/backend/download/74a5fbd1-eac5-4800-9efa-9cfdac507da6_1645014661131.jpeg'),(203,'http://i6b108.p.ssafy.io:8000/images/fbddd3ec-99f7-4bb5-8d9a-9b315cebfd1a_1645014806519.jpeg','fbddd3ec-99f7-4bb5-8d9a-9b315cebfd1a_1645014806519.jpeg','/home/ubuntu/backend/download/fbddd3ec-99f7-4bb5-8d9a-9b315cebfd1a_1645014806519.jpeg'),(204,'http://i6b108.p.ssafy.io:8000/images/f4d3bb2a-4812-49d5-9c28-08ba351ad774_1645014869880.jpeg','f4d3bb2a-4812-49d5-9c28-08ba351ad774_1645014869880.jpeg','/home/ubuntu/backend/download/f4d3bb2a-4812-49d5-9c28-08ba351ad774_1645014869880.jpeg'),(205,'http://i6b108.p.ssafy.io:8000/images/10d9cbdd-df63-495f-8b4b-378ac20fc06f_1645014930291.jpeg','10d9cbdd-df63-495f-8b4b-378ac20fc06f_1645014930291.jpeg','/home/ubuntu/backend/download/10d9cbdd-df63-495f-8b4b-378ac20fc06f_1645014930291.jpeg'),(206,'http://i6b108.p.ssafy.io:8000/images/f05b52e5-4120-4746-9256-a4b9623706bb_1645014953990.jpeg','f05b52e5-4120-4746-9256-a4b9623706bb_1645014953990.jpeg','/home/ubuntu/backend/download/f05b52e5-4120-4746-9256-a4b9623706bb_1645014953990.jpeg'),(207,'http://i6b108.p.ssafy.io:8000/images/401254fb-e9d8-4bf4-8a4a-279f83f0c511_1645015127863.jpeg','401254fb-e9d8-4bf4-8a4a-279f83f0c511_1645015127863.jpeg','/home/ubuntu/backend/download/401254fb-e9d8-4bf4-8a4a-279f83f0c511_1645015127863.jpeg'),(208,'http://i6b108.p.ssafy.io:8000/images/ff1143e6-0ea9-4be4-b7fa-e28630cb0561_1645015250701.jpeg','ff1143e6-0ea9-4be4-b7fa-e28630cb0561_1645015250701.jpeg','/home/ubuntu/backend/download/ff1143e6-0ea9-4be4-b7fa-e28630cb0561_1645015250701.jpeg'),(209,'http://i6b108.p.ssafy.io:8000/images/2c4bce09-b89e-43a3-b11a-a8cf9150b087_1645015338782.jpeg','2c4bce09-b89e-43a3-b11a-a8cf9150b087_1645015338782.jpeg','/home/ubuntu/backend/download/2c4bce09-b89e-43a3-b11a-a8cf9150b087_1645015338782.jpeg'),(210,'http://i6b108.p.ssafy.io:8000/images/e7528bd5-347d-4913-8e5f-f6132f6daf0f_1645015357861.jpeg','e7528bd5-347d-4913-8e5f-f6132f6daf0f_1645015357861.jpeg','/home/ubuntu/backend/download/e7528bd5-347d-4913-8e5f-f6132f6daf0f_1645015357861.jpeg'),(211,'http://i6b108.p.ssafy.io:8000/images/83842f29-7e66-424d-9d9a-9049b2c8f6f6_1645015405167.jpeg','83842f29-7e66-424d-9d9a-9049b2c8f6f6_1645015405167.jpeg','/home/ubuntu/backend/download/83842f29-7e66-424d-9d9a-9049b2c8f6f6_1645015405167.jpeg'),(212,'http://i6b108.p.ssafy.io:8000/images/2ace36c2-0119-43c5-9bc6-872a2ff0dbf8_1645015522270.jpeg','2ace36c2-0119-43c5-9bc6-872a2ff0dbf8_1645015522270.jpeg','/home/ubuntu/backend/download/2ace36c2-0119-43c5-9bc6-872a2ff0dbf8_1645015522270.jpeg'),(213,'http://i6b108.p.ssafy.io:8000/images/b0b13b7a-7158-487c-824d-2381655a2e1e_1645015614163.png','b0b13b7a-7158-487c-824d-2381655a2e1e_1645015614163.png','/home/ubuntu/backend/download/b0b13b7a-7158-487c-824d-2381655a2e1e_1645015614163.png'),(214,'http://i6b108.p.ssafy.io:8000/images/aaa3a469-f6bf-455b-b1e9-984ef716c349_1645015793048.png','aaa3a469-f6bf-455b-b1e9-984ef716c349_1645015793048.png','/home/ubuntu/backend/download/aaa3a469-f6bf-455b-b1e9-984ef716c349_1645015793048.png'),(215,'http://i6b108.p.ssafy.io:8000/images/8f9e90b4-acd5-42f1-acb0-31c0dac78ecf_1645015867111.png','8f9e90b4-acd5-42f1-acb0-31c0dac78ecf_1645015867111.png','/home/ubuntu/backend/download/8f9e90b4-acd5-42f1-acb0-31c0dac78ecf_1645015867111.png'),(216,'http://i6b108.p.ssafy.io:8000/images/e63b5b16-21a7-4671-a823-baf45f0f7337_1645019261229.png','e63b5b16-21a7-4671-a823-baf45f0f7337_1645019261229.png','/home/ubuntu/backend/download/e63b5b16-21a7-4671-a823-baf45f0f7337_1645019261229.png'),(217,'http://i6b108.p.ssafy.io:8000/images/cb819b52-ccfc-4c7a-a837-78d2d8b4197f_1645019322232.png','cb819b52-ccfc-4c7a-a837-78d2d8b4197f_1645019322232.png','/home/ubuntu/backend/download/cb819b52-ccfc-4c7a-a837-78d2d8b4197f_1645019322232.png'),(218,'http://i6b108.p.ssafy.io:8000/images/635f2117-e9f0-4c85-b8b8-dbf8486cc285_1645019363191.png','635f2117-e9f0-4c85-b8b8-dbf8486cc285_1645019363191.png','/home/ubuntu/backend/download/635f2117-e9f0-4c85-b8b8-dbf8486cc285_1645019363191.png'),(219,'http://i6b108.p.ssafy.io:8000/images/52e86b0d-f589-4851-8c8c-4b3f09335d9b_1645019409333.png','52e86b0d-f589-4851-8c8c-4b3f09335d9b_1645019409333.png','/home/ubuntu/backend/download/52e86b0d-f589-4851-8c8c-4b3f09335d9b_1645019409333.png'),(220,'http://i6b108.p.ssafy.io:8000/images/cffea0b5-4c4e-4173-a3ab-b10d57d5d499_1645019443398.png','cffea0b5-4c4e-4173-a3ab-b10d57d5d499_1645019443398.png','/home/ubuntu/backend/download/cffea0b5-4c4e-4173-a3ab-b10d57d5d499_1645019443398.png'),(221,'http://i6b108.p.ssafy.io:8000/images/adfd6ffb-e843-40e0-861c-29771f996254_1645019482327.png','adfd6ffb-e843-40e0-861c-29771f996254_1645019482327.png','/home/ubuntu/backend/download/adfd6ffb-e843-40e0-861c-29771f996254_1645019482327.png'),(222,'http://i6b108.p.ssafy.io:8000/images/8fc02324-2d67-450a-9248-698ffb727f94_1645019525644.png','8fc02324-2d67-450a-9248-698ffb727f94_1645019525644.png','/home/ubuntu/backend/download/8fc02324-2d67-450a-9248-698ffb727f94_1645019525644.png'),(223,'http://i6b108.p.ssafy.io:8000/images/cba38cb3-8d93-4c88-9966-0d98136be5fa_1645019575106.png','cba38cb3-8d93-4c88-9966-0d98136be5fa_1645019575106.png','/home/ubuntu/backend/download/cba38cb3-8d93-4c88-9966-0d98136be5fa_1645019575106.png'),(224,'http://i6b108.p.ssafy.io:8000/images/30e130e9-65c5-48ff-ad84-473c084de278_1645019617734.png','30e130e9-65c5-48ff-ad84-473c084de278_1645019617734.png','/home/ubuntu/backend/download/30e130e9-65c5-48ff-ad84-473c084de278_1645019617734.png'),(225,'http://i6b108.p.ssafy.io:8000/images/51963c5d-fb9d-464e-8b26-22f3d8e64ce3_1645019794033.png','51963c5d-fb9d-464e-8b26-22f3d8e64ce3_1645019794033.png','/home/ubuntu/backend/download/51963c5d-fb9d-464e-8b26-22f3d8e64ce3_1645019794033.png'),(226,'http://i6b108.p.ssafy.io:8000/images/559759b5-49bf-4ff1-98bc-4a1148ab0f5f_1645019863144.png','559759b5-49bf-4ff1-98bc-4a1148ab0f5f_1645019863144.png','/home/ubuntu/backend/download/559759b5-49bf-4ff1-98bc-4a1148ab0f5f_1645019863144.png'),(227,'http://i6b108.p.ssafy.io:8000/images/25921f72-ebdf-467d-b95d-b3e28f1c4007_1645019954520.png','25921f72-ebdf-467d-b95d-b3e28f1c4007_1645019954520.png','/home/ubuntu/backend/download/25921f72-ebdf-467d-b95d-b3e28f1c4007_1645019954520.png'),(229,'http://i6b108.p.ssafy.io:8000/images/b440104d-7049-4e31-baa1-beda974471d8_1645021059467.jpeg','b440104d-7049-4e31-baa1-beda974471d8_1645021059467.jpeg','/home/ubuntu/backend/download/b440104d-7049-4e31-baa1-beda974471d8_1645021059467.jpeg'),(230,'http://i6b108.p.ssafy.io:8000/images/d878c57b-7609-4d7f-9db0-93d59e34a233_1645021237670.png','d878c57b-7609-4d7f-9db0-93d59e34a233_1645021237670.png','/home/ubuntu/backend/download/d878c57b-7609-4d7f-9db0-93d59e34a233_1645021237670.png'),(231,'http://i6b108.p.ssafy.io:8000/images/ad5c86a4-f7a4-4b37-8a3d-64b66e34db85_1645021614629.png','ad5c86a4-f7a4-4b37-8a3d-64b66e34db85_1645021614629.png','/home/ubuntu/backend/download/ad5c86a4-f7a4-4b37-8a3d-64b66e34db85_1645021614629.png'),(232,'http://i6b108.p.ssafy.io:8000/images/7e32996c-ea8e-4eb9-9161-dbc35546f673_1645021653318.png','7e32996c-ea8e-4eb9-9161-dbc35546f673_1645021653318.png','/home/ubuntu/backend/download/7e32996c-ea8e-4eb9-9161-dbc35546f673_1645021653318.png'),(234,'http://i6b108.p.ssafy.io:8000/images/6ccb93d9-086a-4081-bf8b-77870a8c8351_1645022143412.png','6ccb93d9-086a-4081-bf8b-77870a8c8351_1645022143412.png','/home/ubuntu/backend/download/6ccb93d9-086a-4081-bf8b-77870a8c8351_1645022143412.png'),(235,'http://i6b108.p.ssafy.io:8000/images/4c33279c-c39f-4bc2-b210-e8e77c084be1_1645022413323.jpeg','4c33279c-c39f-4bc2-b210-e8e77c084be1_1645022413323.jpeg','/home/ubuntu/backend/download/4c33279c-c39f-4bc2-b210-e8e77c084be1_1645022413323.jpeg'),(236,'http://i6b108.p.ssafy.io:8000/images/d9f22c05-50ec-4505-ad30-223023c436ac_1645022556567.jpeg','d9f22c05-50ec-4505-ad30-223023c436ac_1645022556567.jpeg','/home/ubuntu/backend/download/d9f22c05-50ec-4505-ad30-223023c436ac_1645022556567.jpeg'),(237,'http://i6b108.p.ssafy.io:8000/images/783ef81d-8d6c-4caf-9bc2-d0f4f4ee8bdd_1645022626543.jpeg','783ef81d-8d6c-4caf-9bc2-d0f4f4ee8bdd_1645022626543.jpeg','/home/ubuntu/backend/download/783ef81d-8d6c-4caf-9bc2-d0f4f4ee8bdd_1645022626543.jpeg'),(238,'http://i6b108.p.ssafy.io:8000/images/b50d99af-8c66-4039-86cf-149844c76fd1_1645022633654.jpeg','b50d99af-8c66-4039-86cf-149844c76fd1_1645022633654.jpeg','/home/ubuntu/backend/download/b50d99af-8c66-4039-86cf-149844c76fd1_1645022633654.jpeg'),(239,'http://i6b108.p.ssafy.io:8000/images/e01c7b72-a488-4ab0-9ab3-2e1aac678cc3_1645022761422.jpeg','e01c7b72-a488-4ab0-9ab3-2e1aac678cc3_1645022761422.jpeg','/home/ubuntu/backend/download/e01c7b72-a488-4ab0-9ab3-2e1aac678cc3_1645022761422.jpeg'),(240,'http://i6b108.p.ssafy.io:8000/images/86d968cf-0a47-4797-91f8-4f3102a80755_1645022852648.jpeg','86d968cf-0a47-4797-91f8-4f3102a80755_1645022852648.jpeg','/home/ubuntu/backend/download/86d968cf-0a47-4797-91f8-4f3102a80755_1645022852648.jpeg'),(241,'http://i6b108.p.ssafy.io:8000/images/fb9eb619-adac-43d0-9ec2-623bb0768d62_1645023342774.jpeg','fb9eb619-adac-43d0-9ec2-623bb0768d62_1645023342774.jpeg','/home/ubuntu/backend/download/fb9eb619-adac-43d0-9ec2-623bb0768d62_1645023342774.jpeg'),(242,'http://i6b108.p.ssafy.io:8000/images/f9695196-729c-4c72-b0f0-e41f0fa980e9_1645023357776.jpeg','f9695196-729c-4c72-b0f0-e41f0fa980e9_1645023357776.jpeg','/home/ubuntu/backend/download/f9695196-729c-4c72-b0f0-e41f0fa980e9_1645023357776.jpeg'),(243,'http://i6b108.p.ssafy.io:8000/images/46e7429c-8664-4e49-ae7d-3ec46831b1b4_1645023385191.jpeg','46e7429c-8664-4e49-ae7d-3ec46831b1b4_1645023385191.jpeg','/home/ubuntu/backend/download/46e7429c-8664-4e49-ae7d-3ec46831b1b4_1645023385191.jpeg'),(244,'http://i6b108.p.ssafy.io:8000/images/3f3f8b5d-bf38-42b3-b49d-6fc49cc92b90_1645023416400.jpeg','3f3f8b5d-bf38-42b3-b49d-6fc49cc92b90_1645023416400.jpeg','/home/ubuntu/backend/download/3f3f8b5d-bf38-42b3-b49d-6fc49cc92b90_1645023416400.jpeg'),(245,'http://i6b108.p.ssafy.io:8000/images/a29b38ae-350e-4812-9d0d-3c4bc3da0696_1645023451312.jpeg','a29b38ae-350e-4812-9d0d-3c4bc3da0696_1645023451312.jpeg','/home/ubuntu/backend/download/a29b38ae-350e-4812-9d0d-3c4bc3da0696_1645023451312.jpeg'),(247,'http://i6b108.p.ssafy.io:8000/images/cfea4d4e-6150-4824-b308-637da5b70cba_1645023596535.jpeg','cfea4d4e-6150-4824-b308-637da5b70cba_1645023596535.jpeg','/home/ubuntu/backend/download/cfea4d4e-6150-4824-b308-637da5b70cba_1645023596535.jpeg'),(248,'http://i6b108.p.ssafy.io:8000/images/2a85a4f6-8d26-42b4-a132-c63b4b78d01d_1645023679123.jpeg','2a85a4f6-8d26-42b4-a132-c63b4b78d01d_1645023679123.jpeg','/home/ubuntu/backend/download/2a85a4f6-8d26-42b4-a132-c63b4b78d01d_1645023679123.jpeg'),(250,'http://i6b108.p.ssafy.io:8000/images/15875e4b-fdeb-4e59-9cb8-eda2955b25c9_1645024303683.jpeg','15875e4b-fdeb-4e59-9cb8-eda2955b25c9_1645024303683.jpeg','/home/ubuntu/backend/download/15875e4b-fdeb-4e59-9cb8-eda2955b25c9_1645024303683.jpeg'),(253,'http://i6b108.p.ssafy.io:8000/images/8abcf7b0-b0bd-46de-b2c5-d9c9a0ed363e_1645026501325.jpeg','8abcf7b0-b0bd-46de-b2c5-d9c9a0ed363e_1645026501325.jpeg','/home/ubuntu/backend/download/8abcf7b0-b0bd-46de-b2c5-d9c9a0ed363e_1645026501325.jpeg'),(254,'http://i6b108.p.ssafy.io:8000/images/b84a81ab-4a83-43dd-b539-cbb7c072b233_1645027438389.jpeg','b84a81ab-4a83-43dd-b539-cbb7c072b233_1645027438389.jpeg','/home/ubuntu/backend/download/b84a81ab-4a83-43dd-b539-cbb7c072b233_1645027438389.jpeg'),(255,'http://i6b108.p.ssafy.io:8000/images/5fc0bc75-63ea-46ef-b19f-7d64914b570d_1645027463914.jpeg','5fc0bc75-63ea-46ef-b19f-7d64914b570d_1645027463914.jpeg','/home/ubuntu/backend/download/5fc0bc75-63ea-46ef-b19f-7d64914b570d_1645027463914.jpeg'),(256,'http://i6b108.p.ssafy.io:8000/images/dbf92055-839f-4745-a110-90c436332e0a_1645027545857.jpeg','dbf92055-839f-4745-a110-90c436332e0a_1645027545857.jpeg','/home/ubuntu/backend/download/dbf92055-839f-4745-a110-90c436332e0a_1645027545857.jpeg'),(257,'http://i6b108.p.ssafy.io:8000/images/cccc0c5a-0c0b-493f-a14c-ef79ee45d1b2_1645028493590.jpeg','cccc0c5a-0c0b-493f-a14c-ef79ee45d1b2_1645028493590.jpeg','/home/ubuntu/backend/download/cccc0c5a-0c0b-493f-a14c-ef79ee45d1b2_1645028493590.jpeg'),(258,'http://i6b108.p.ssafy.io:8000/images/91837c11-68ed-4e72-b1de-37d77c43c1a8_1645030341052.jpeg','91837c11-68ed-4e72-b1de-37d77c43c1a8_1645030341052.jpeg','/home/ubuntu/backend/download/91837c11-68ed-4e72-b1de-37d77c43c1a8_1645030341052.jpeg'),(259,'http://i6b108.p.ssafy.io:8000/images/df7988d5-af69-4f7e-802c-545d18735b48_1645032655833.jpeg','df7988d5-af69-4f7e-802c-545d18735b48_1645032655833.jpeg','/home/ubuntu/backend/download/df7988d5-af69-4f7e-802c-545d18735b48_1645032655833.jpeg'),(260,'http://i6b108.p.ssafy.io:8000/images/560f19da-2b5b-4c4f-894b-15df7bb3d31b_1645032754812.jpeg','560f19da-2b5b-4c4f-894b-15df7bb3d31b_1645032754812.jpeg','/home/ubuntu/backend/download/560f19da-2b5b-4c4f-894b-15df7bb3d31b_1645032754812.jpeg'),(261,'http://i6b108.p.ssafy.io:8000/images/eab8327d-821f-4429-8df7-f6e117834fc3_1645032808118.jpeg','eab8327d-821f-4429-8df7-f6e117834fc3_1645032808118.jpeg','/home/ubuntu/backend/download/eab8327d-821f-4429-8df7-f6e117834fc3_1645032808118.jpeg'),(262,'http://i6b108.p.ssafy.io:8000/images/ae30b398-c781-4518-b41b-68206618a6c7_1645032889278.jpeg','ae30b398-c781-4518-b41b-68206618a6c7_1645032889278.jpeg','/home/ubuntu/backend/download/ae30b398-c781-4518-b41b-68206618a6c7_1645032889278.jpeg'),(265,'http://i6b108.p.ssafy.io:8000/images/cf95876f-63e7-4ac0-abff-1f0bfdb0b9c8_1645035329332.jpeg','cf95876f-63e7-4ac0-abff-1f0bfdb0b9c8_1645035329332.jpeg','/home/ubuntu/backend/download/cf95876f-63e7-4ac0-abff-1f0bfdb0b9c8_1645035329332.jpeg'),(266,'http://i6b108.p.ssafy.io:8000/images/116e0c54-03ad-4680-a5b6-500b0f40df6f_1645036056629.jpeg','116e0c54-03ad-4680-a5b6-500b0f40df6f_1645036056629.jpeg','/home/ubuntu/backend/download/116e0c54-03ad-4680-a5b6-500b0f40df6f_1645036056629.jpeg'),(267,'http://i6b108.p.ssafy.io:8000/images/85fd40b4-9419-4b9f-babb-5ca952e6992b_1645036104502.jpeg','85fd40b4-9419-4b9f-babb-5ca952e6992b_1645036104502.jpeg','/home/ubuntu/backend/download/85fd40b4-9419-4b9f-babb-5ca952e6992b_1645036104502.jpeg'),(268,'http://i6b108.p.ssafy.io:8000/images/2b3602a6-3360-4897-973a-018aea8823a7_1645036170698.jpeg','2b3602a6-3360-4897-973a-018aea8823a7_1645036170698.jpeg','/home/ubuntu/backend/download/2b3602a6-3360-4897-973a-018aea8823a7_1645036170698.jpeg'),(269,'http://i6b108.p.ssafy.io:8000/images/1a0b311b-afa9-4e2b-85e2-6bd07bfdfd0b_1645036205741.jpeg','1a0b311b-afa9-4e2b-85e2-6bd07bfdfd0b_1645036205741.jpeg','/home/ubuntu/backend/download/1a0b311b-afa9-4e2b-85e2-6bd07bfdfd0b_1645036205741.jpeg'),(270,'http://i6b108.p.ssafy.io:8000/images/c5b96929-5ecd-4566-8a3e-d00a1704001e_1645036214581.jpeg','c5b96929-5ecd-4566-8a3e-d00a1704001e_1645036214581.jpeg','/home/ubuntu/backend/download/c5b96929-5ecd-4566-8a3e-d00a1704001e_1645036214581.jpeg'),(271,'http://i6b108.p.ssafy.io:8000/images/3ff83ea0-d43c-442a-9c91-bc497d25d92a_1645037841270.jpeg','3ff83ea0-d43c-442a-9c91-bc497d25d92a_1645037841270.jpeg','/home/ubuntu/backend/download/3ff83ea0-d43c-442a-9c91-bc497d25d92a_1645037841270.jpeg'),(275,'http://i6b108.p.ssafy.io:8000/images/10fa4836-5f6d-428f-a12d-86b63dc11788_1645043631991.jpeg','10fa4836-5f6d-428f-a12d-86b63dc11788_1645043631991.jpeg','/home/ubuntu/backend/download/10fa4836-5f6d-428f-a12d-86b63dc11788_1645043631991.jpeg'),(276,'http://i6b108.p.ssafy.io:8000/images/9e522240-8b96-47e6-a083-b7e00e45e214_1645060352204.png','9e522240-8b96-47e6-a083-b7e00e45e214_1645060352204.png','/home/ubuntu/backend/download/9e522240-8b96-47e6-a083-b7e00e45e214_1645060352204.png'),(278,'http://i6b108.p.ssafy.io:8000/images/efaa6493-b6bd-455d-8482-a5bd405473e4_1645060502165.jpeg','efaa6493-b6bd-455d-8482-a5bd405473e4_1645060502165.jpeg','/home/ubuntu/backend/download/efaa6493-b6bd-455d-8482-a5bd405473e4_1645060502165.jpeg'),(280,'http://i6b108.p.ssafy.io:8000/images/b71a4d71-67bc-4a43-8b9b-99934cb4b824_1645063633802.jpeg','b71a4d71-67bc-4a43-8b9b-99934cb4b824_1645063633802.jpeg','/home/ubuntu/backend/download/b71a4d71-67bc-4a43-8b9b-99934cb4b824_1645063633802.jpeg'),(281,'http://i6b108.p.ssafy.io:8000/images/301b12d2-a28c-4fa1-99aa-072659a7331a_1645072877768.png','301b12d2-a28c-4fa1-99aa-072659a7331a_1645072877768.png','/home/ubuntu/backend/download/301b12d2-a28c-4fa1-99aa-072659a7331a_1645072877768.png'),(282,'http://i6b108.p.ssafy.io:8000/images/4cf66299-ea4e-4826-961e-68463ee57834_1645079250507.png','4cf66299-ea4e-4826-961e-68463ee57834_1645079250507.png','/home/ubuntu/backend/download/4cf66299-ea4e-4826-961e-68463ee57834_1645079250507.png'),(283,'http://i6b108.p.ssafy.io:8000/images/7f856cc2-b34b-41b8-9c3e-bc6a4420a33b_1645079308245.png','7f856cc2-b34b-41b8-9c3e-bc6a4420a33b_1645079308245.png','/home/ubuntu/backend/download/7f856cc2-b34b-41b8-9c3e-bc6a4420a33b_1645079308245.png'),(284,'http://i6b108.p.ssafy.io:8000/images/9edc0e06-d778-4071-8551-d2a2411e5494_1645079439451.png','9edc0e06-d778-4071-8551-d2a2411e5494_1645079439451.png','/home/ubuntu/backend/download/9edc0e06-d778-4071-8551-d2a2411e5494_1645079439451.png'),(285,'http://i6b108.p.ssafy.io:8000/images/58744bdc-9263-4132-8a19-fea6ec88a715_1645079485360.png','58744bdc-9263-4132-8a19-fea6ec88a715_1645079485360.png','/home/ubuntu/backend/download/58744bdc-9263-4132-8a19-fea6ec88a715_1645079485360.png'),(287,'http://i6b108.p.ssafy.io:8000/images/687984c3-a458-4c35-9fa5-eeecc0682d90_1645093762813.png','687984c3-a458-4c35-9fa5-eeecc0682d90_1645093762813.png','/home/ubuntu/backend/download/687984c3-a458-4c35-9fa5-eeecc0682d90_1645093762813.png'),(288,'http://i6b108.p.ssafy.io:8000/images/97263c84-2036-430c-8d1c-f3f40c0b9190_1645094752400.png','97263c84-2036-430c-8d1c-f3f40c0b9190_1645094752400.png','/home/ubuntu/backend/download/97263c84-2036-430c-8d1c-f3f40c0b9190_1645094752400.png'),(289,'http://i6b108.p.ssafy.io:8000/images/a9065d21-d5a5-4ea1-a802-b5885a5830d3_1645103093303.png','a9065d21-d5a5-4ea1-a802-b5885a5830d3_1645103093303.png','/home/ubuntu/backend/download/a9065d21-d5a5-4ea1-a802-b5885a5830d3_1645103093303.png'),(290,'http://i6b108.p.ssafy.io:8000/images/a799995d-eb96-42a0-8ee8-6e85f39211d9_1645103235332.png','a799995d-eb96-42a0-8ee8-6e85f39211d9_1645103235332.png','/home/ubuntu/backend/download/a799995d-eb96-42a0-8ee8-6e85f39211d9_1645103235332.png'),(291,'http://i6b108.p.ssafy.io:8000/images/45236699-063e-4d2b-b5eb-d9088b858973_1645108909370.png','45236699-063e-4d2b-b5eb-d9088b858973_1645108909370.png','/home/ubuntu/backend/download/45236699-063e-4d2b-b5eb-d9088b858973_1645108909370.png'),(292,'http://i6b108.p.ssafy.io:8000/images/2131553c-1689-4947-b715-b8308fee0153_1645108934318.png','2131553c-1689-4947-b715-b8308fee0153_1645108934318.png','/home/ubuntu/backend/download/2131553c-1689-4947-b715-b8308fee0153_1645108934318.png'),(294,'http://i6b108.p.ssafy.io:8000/images/8ceceb9e-bde6-4f9f-aa41-a38dcb5f58d4_1645109010179.png','8ceceb9e-bde6-4f9f-aa41-a38dcb5f58d4_1645109010179.png','/home/ubuntu/backend/download/8ceceb9e-bde6-4f9f-aa41-a38dcb5f58d4_1645109010179.png'),(295,'http://i6b108.p.ssafy.io:8000/images/4fbd3fc5-bc1b-46ed-b17f-e160d4cf77c6_1645109040563.png','4fbd3fc5-bc1b-46ed-b17f-e160d4cf77c6_1645109040563.png','/home/ubuntu/backend/download/4fbd3fc5-bc1b-46ed-b17f-e160d4cf77c6_1645109040563.png'),(296,'http://i6b108.p.ssafy.io:8000/images/564cbb84-ca66-4066-8d60-7b697ac55451_1645109056215.png','564cbb84-ca66-4066-8d60-7b697ac55451_1645109056215.png','/home/ubuntu/backend/download/564cbb84-ca66-4066-8d60-7b697ac55451_1645109056215.png'),(297,'http://i6b108.p.ssafy.io:8000/images/60ba3bc5-405f-4b0a-8a10-6e9b014a701c_1645109086703.png','60ba3bc5-405f-4b0a-8a10-6e9b014a701c_1645109086703.png','/home/ubuntu/backend/download/60ba3bc5-405f-4b0a-8a10-6e9b014a701c_1645109086703.png'),(298,'http://i6b108.p.ssafy.io:8000/images/6f38f6f6-78d5-497e-a4e4-512d523d7193_1645109106729.png','6f38f6f6-78d5-497e-a4e4-512d523d7193_1645109106729.png','/home/ubuntu/backend/download/6f38f6f6-78d5-497e-a4e4-512d523d7193_1645109106729.png'),(302,'http://i6b108.p.ssafy.io:8000/images/4d6c83cb-2ea2-4a16-abbb-5dd98a15c31a_1645109982557.png','4d6c83cb-2ea2-4a16-abbb-5dd98a15c31a_1645109982557.png','/home/ubuntu/backend/download/4d6c83cb-2ea2-4a16-abbb-5dd98a15c31a_1645109982557.png'),(304,'http://i6b108.p.ssafy.io:8000/images/2ae5be09-0ce1-4e6e-8bdf-779ff15712b2_1645110089753.png','2ae5be09-0ce1-4e6e-8bdf-779ff15712b2_1645110089753.png','/home/ubuntu/backend/download/2ae5be09-0ce1-4e6e-8bdf-779ff15712b2_1645110089753.png'),(305,'http://i6b108.p.ssafy.io:8000/images/2a20ae4e-d090-40e6-a266-cfa962cfe404_1645110504414.png','2a20ae4e-d090-40e6-a266-cfa962cfe404_1645110504414.png','/home/ubuntu/backend/download/2a20ae4e-d090-40e6-a266-cfa962cfe404_1645110504414.png'),(306,'http://i6b108.p.ssafy.io:8000/images/3e54f837-7f0b-40a7-8479-fce954f3bf0c_1645110523537.png','3e54f837-7f0b-40a7-8479-fce954f3bf0c_1645110523537.png','/home/ubuntu/backend/download/3e54f837-7f0b-40a7-8479-fce954f3bf0c_1645110523537.png'),(307,'http://i6b108.p.ssafy.io:8000/images/aa1e054a-152c-44be-a572-46a4e13979cf_1645110543565.png','aa1e054a-152c-44be-a572-46a4e13979cf_1645110543565.png','/home/ubuntu/backend/download/aa1e054a-152c-44be-a572-46a4e13979cf_1645110543565.png'),(308,'http://i6b108.p.ssafy.io:8000/images/37c020e0-0fbc-49a8-aab3-d6ca4e133ca5_1645110562170.png','37c020e0-0fbc-49a8-aab3-d6ca4e133ca5_1645110562170.png','/home/ubuntu/backend/download/37c020e0-0fbc-49a8-aab3-d6ca4e133ca5_1645110562170.png'),(309,'http://i6b108.p.ssafy.io:8000/images/7bc3b816-9f54-4ff4-b0f4-39d2a8df3c14_1645110578804.png','7bc3b816-9f54-4ff4-b0f4-39d2a8df3c14_1645110578804.png','/home/ubuntu/backend/download/7bc3b816-9f54-4ff4-b0f4-39d2a8df3c14_1645110578804.png'),(310,'http://i6b108.p.ssafy.io:8000/images/d98db78a-63a5-4a89-9e44-41de77f77578_1645110597802.png','d98db78a-63a5-4a89-9e44-41de77f77578_1645110597802.png','/home/ubuntu/backend/download/d98db78a-63a5-4a89-9e44-41de77f77578_1645110597802.png'),(311,'http://i6b108.p.ssafy.io:8000/images/3f48b380-0fba-45f8-9c6a-a8a57c51ba1f_1645110621305.png','3f48b380-0fba-45f8-9c6a-a8a57c51ba1f_1645110621305.png','/home/ubuntu/backend/download/3f48b380-0fba-45f8-9c6a-a8a57c51ba1f_1645110621305.png'),(312,'http://i6b108.p.ssafy.io:8000/images/84c0c133-7c98-4a62-8c3d-161186a9124e_1645110640064.png','84c0c133-7c98-4a62-8c3d-161186a9124e_1645110640064.png','/home/ubuntu/backend/download/84c0c133-7c98-4a62-8c3d-161186a9124e_1645110640064.png'),(313,'http://i6b108.p.ssafy.io:8000/images/074afce6-b192-43a1-a5af-24de85dd2a62_1645110668812.png','074afce6-b192-43a1-a5af-24de85dd2a62_1645110668812.png','/home/ubuntu/backend/download/074afce6-b192-43a1-a5af-24de85dd2a62_1645110668812.png'),(316,'http://i6b108.p.ssafy.io:8000/images/0e5d01be-c8b3-4232-be5d-3bbc0e439f28_1645114819216.jpeg','0e5d01be-c8b3-4232-be5d-3bbc0e439f28_1645114819216.jpeg','/home/ubuntu/backend/download/0e5d01be-c8b3-4232-be5d-3bbc0e439f28_1645114819216.jpeg'),(317,'http://i6b108.p.ssafy.io:8000/images/8c19417a-f9e5-448e-b2fe-c1c4ae35fcfb_1645114880717.jpeg','8c19417a-f9e5-448e-b2fe-c1c4ae35fcfb_1645114880717.jpeg','/home/ubuntu/backend/download/8c19417a-f9e5-448e-b2fe-c1c4ae35fcfb_1645114880717.jpeg'),(318,'http://i6b108.p.ssafy.io:8000/images/81629cff-ae6b-4296-aa2c-982535852a2b_1645114929823.jpeg','81629cff-ae6b-4296-aa2c-982535852a2b_1645114929823.jpeg','/home/ubuntu/backend/download/81629cff-ae6b-4296-aa2c-982535852a2b_1645114929823.jpeg'),(319,'http://i6b108.p.ssafy.io:8000/images/3d54fc4e-0c86-4f60-bc42-9edd6097ca29_1645114992422.jpeg','3d54fc4e-0c86-4f60-bc42-9edd6097ca29_1645114992422.jpeg','/home/ubuntu/backend/download/3d54fc4e-0c86-4f60-bc42-9edd6097ca29_1645114992422.jpeg'),(320,'http://i6b108.p.ssafy.io:8000/images/6d0c82a8-2d94-4970-a053-cef0865a692d_1645115050191.jpeg','6d0c82a8-2d94-4970-a053-cef0865a692d_1645115050191.jpeg','/home/ubuntu/backend/download/6d0c82a8-2d94-4970-a053-cef0865a692d_1645115050191.jpeg'),(321,'http://i6b108.p.ssafy.io:8000/images/2fdabee5-104f-43cf-a101-66072b45318d_1645115085200.jpeg','2fdabee5-104f-43cf-a101-66072b45318d_1645115085200.jpeg','/home/ubuntu/backend/download/2fdabee5-104f-43cf-a101-66072b45318d_1645115085200.jpeg'),(322,'http://i6b108.p.ssafy.io:8000/images/8eda8b8b-f100-4d53-ada1-1ecfe972332b_1645115125780.jpeg','8eda8b8b-f100-4d53-ada1-1ecfe972332b_1645115125780.jpeg','/home/ubuntu/backend/download/8eda8b8b-f100-4d53-ada1-1ecfe972332b_1645115125780.jpeg'),(323,'http://i6b108.p.ssafy.io:8000/images/d5bfeb4e-bb14-4618-8a80-1b0ad383d615_1645115234947.jpeg','d5bfeb4e-bb14-4618-8a80-1b0ad383d615_1645115234947.jpeg','/home/ubuntu/backend/download/d5bfeb4e-bb14-4618-8a80-1b0ad383d615_1645115234947.jpeg'),(324,'http://i6b108.p.ssafy.io:8000/images/62f14d26-04f8-4a7f-b3db-1bd40aedfd9b_1645115293728.jpeg','62f14d26-04f8-4a7f-b3db-1bd40aedfd9b_1645115293728.jpeg','/home/ubuntu/backend/download/62f14d26-04f8-4a7f-b3db-1bd40aedfd9b_1645115293728.jpeg'),(325,'http://i6b108.p.ssafy.io:8000/images/c53b3b0a-210c-4c9a-b40e-5324dc031bd3_1645115367330.jpeg','c53b3b0a-210c-4c9a-b40e-5324dc031bd3_1645115367330.jpeg','/home/ubuntu/backend/download/c53b3b0a-210c-4c9a-b40e-5324dc031bd3_1645115367330.jpeg'),(326,'http://i6b108.p.ssafy.io:8000/images/5c4019f0-2e30-44f3-86eb-0a1ab022dd24_1645118196816.png','5c4019f0-2e30-44f3-86eb-0a1ab022dd24_1645118196816.png','/home/ubuntu/backend/download/5c4019f0-2e30-44f3-86eb-0a1ab022dd24_1645118196816.png'),(327,'http://i6b108.p.ssafy.io:8000/images/901c3fe5-27ee-4746-9f01-d798dcd3d8be_1645118479314.png','901c3fe5-27ee-4746-9f01-d798dcd3d8be_1645118479314.png','/home/ubuntu/backend/download/901c3fe5-27ee-4746-9f01-d798dcd3d8be_1645118479314.png'),(328,'http://i6b108.p.ssafy.io:8000/images/f19e026d-3c67-481d-827a-86fd39b3f567_1645118646488.png','f19e026d-3c67-481d-827a-86fd39b3f567_1645118646488.png','/home/ubuntu/backend/download/f19e026d-3c67-481d-827a-86fd39b3f567_1645118646488.png'),(329,'http://i6b108.p.ssafy.io:8000/images/269a3e2c-c20d-437f-bdb8-c44d14c1034f_1645119434390.png','269a3e2c-c20d-437f-bdb8-c44d14c1034f_1645119434390.png','/home/ubuntu/backend/download/269a3e2c-c20d-437f-bdb8-c44d14c1034f_1645119434390.png'),(331,'http://i6b108.p.ssafy.io:8000/images/2060596e-7c42-47e3-992f-54aa3f4acbb6_1645121822813.jpeg','2060596e-7c42-47e3-992f-54aa3f4acbb6_1645121822813.jpeg','/home/ubuntu/backend/download/2060596e-7c42-47e3-992f-54aa3f4acbb6_1645121822813.jpeg'),(333,'http://i6b108.p.ssafy.io:8000/images/33ed1248-5d75-4e08-b8ba-d97614beedc9_1645123289239.png','33ed1248-5d75-4e08-b8ba-d97614beedc9_1645123289239.png','/home/ubuntu/backend/download/33ed1248-5d75-4e08-b8ba-d97614beedc9_1645123289239.png'),(334,'http://i6b108.p.ssafy.io:8000/images/2f8488b2-c172-4231-a06e-a46848fade40_1645125796250.png','2f8488b2-c172-4231-a06e-a46848fade40_1645125796250.png','/home/ubuntu/backend/download/2f8488b2-c172-4231-a06e-a46848fade40_1645125796250.png'),(335,'http://i6b108.p.ssafy.io:8000/images/0b29afbc-9fab-4487-98fa-f7329a6a9363_1645134350395.jpeg','0b29afbc-9fab-4487-98fa-f7329a6a9363_1645134350395.jpeg','/home/ubuntu/backend/download/0b29afbc-9fab-4487-98fa-f7329a6a9363_1645134350395.jpeg'),(336,'http://i6b108.p.ssafy.io:8000/images/9f0d573e-c5c8-44a9-8e91-89715271b291_1645144111014.jpeg','9f0d573e-c5c8-44a9-8e91-89715271b291_1645144111014.jpeg','/home/ubuntu/backend/download/9f0d573e-c5c8-44a9-8e91-89715271b291_1645144111014.jpeg'),(337,'http://i6b108.p.ssafy.io:8000/images/cdc4df7f-46a3-440f-8bc8-9f37cc782bf8_1645144780683.jpeg','cdc4df7f-46a3-440f-8bc8-9f37cc782bf8_1645144780683.jpeg','/home/ubuntu/backend/download/cdc4df7f-46a3-440f-8bc8-9f37cc782bf8_1645144780683.jpeg'),(338,'http://i6b108.p.ssafy.io:8000/images/00074694-bd80-4ff3-b3f6-be4cdbcc4c68_1645144885974.png','00074694-bd80-4ff3-b3f6-be4cdbcc4c68_1645144885974.png','/home/ubuntu/backend/download/00074694-bd80-4ff3-b3f6-be4cdbcc4c68_1645144885974.png'),(339,'http://i6b108.p.ssafy.io:8000/images/ded748e4-fe33-4e79-9199-72b6d9e1eeef_1645146540173.jpeg','ded748e4-fe33-4e79-9199-72b6d9e1eeef_1645146540173.jpeg','/home/ubuntu/backend/download/ded748e4-fe33-4e79-9199-72b6d9e1eeef_1645146540173.jpeg'),(340,'http://i6b108.p.ssafy.io:8000/images/900844d4-addf-4b2e-876f-966adda919e8_1645146601294.jpeg','900844d4-addf-4b2e-876f-966adda919e8_1645146601294.jpeg','/home/ubuntu/backend/download/900844d4-addf-4b2e-876f-966adda919e8_1645146601294.jpeg'),(343,'http://i6b108.p.ssafy.io:8000/images/9ddb3675-2af9-4d70-8c94-b96abe1705c9_1645147708537.jpeg','9ddb3675-2af9-4d70-8c94-b96abe1705c9_1645147708537.jpeg','/home/ubuntu/backend/download/9ddb3675-2af9-4d70-8c94-b96abe1705c9_1645147708537.jpeg');
/*!40000 ALTER TABLE `image` ENABLE KEYS */;
UNLOCK TABLES;

--
-- Table structure for table `likes`
--

DROP TABLE IF EXISTS `likes`;
/*!40101 SET @saved_cs_client     = @@character_set_client */;
/*!40101 SET character_set_client = utf8 */;
CREATE TABLE `likes` (
  `likeId` int(11) NOT NULL AUTO_INCREMENT,
  `feedId` int(11) NOT NULL,
  `userName` varchar(45) NOT NULL,
  PRIMARY KEY (`likeId`),
  KEY `fk_feed_lile_idx` (`feedId`),
  KEY `fk_user_like_idx` (`userName`),
  CONSTRAINT `fk_feed_like` FOREIGN KEY (`feedId`) REFERENCES `feed` (`feedId`) ON DELETE CASCADE ON UPDATE CASCADE,
  CONSTRAINT `fk_user_like` FOREIGN KEY (`userName`) REFERENCES `user` (`userName`) ON DELETE CASCADE ON UPDATE CASCADE
) ENGINE=InnoDB AUTO_INCREMENT=89 DEFAULT CHARSET=utf8mb4;
/*!40101 SET character_set_client = @saved_cs_client */;

--
-- Dumping data for table `likes`
--

LOCK TABLES `likes` WRITE;
/*!40000 ALTER TABLE `likes` DISABLE KEYS */;
/*!40000 ALTER TABLE `likes` ENABLE KEYS */;
UNLOCK TABLES;

--
-- Table structure for table `user`
--

DROP TABLE IF EXISTS `user`;
/*!40101 SET @saved_cs_client     = @@character_set_client */;
/*!40101 SET character_set_client = utf8 */;
CREATE TABLE `user` (
  `userName` varchar(45) NOT NULL,
  `password` varchar(200) DEFAULT NULL,
  `address` varchar(100) DEFAULT NULL,
  `email` varchar(100) DEFAULT NULL,
  `introduction` varchar(100) DEFAULT NULL,
  PRIMARY KEY (`userName`),
  UNIQUE KEY `email_UNIQUE` (`email`)
) ENGINE=InnoDB DEFAULT CHARSET=utf8mb4;
/*!40101 SET character_set_client = @saved_cs_client */;

--
-- Dumping data for table `user`
--

LOCK TABLES `user` WRITE;
/*!40000 ALTER TABLE `user` DISABLE KEYS */;
INSERT INTO `user` VALUES ('admin','4d4f26369171994f3a46776ee2d88494fb9955800a5bb6261c016c4bb9f30b56',NULL,'qwer0@gmail.com',NULL),('all','52665329f5879e40443fa8d164c85b950bb1ba3a35bee9523941e646e89822ae',NULL,'all@al.al',NULL),('jisoon','4d4f26369171994f3a46776ee2d88494fb9955800a5bb6261c016c4bb9f30b56',NULL,'qwer4@gmail.com',NULL),('jisu','5eec2f9fb985228ca6ee69224c2f8385a1b519a7afd8a2494b96d3675882d71d',NULL,'jisu@jisu.com',NULL),('jyj','4d4f26369171994f3a46776ee2d88494fb9955800a5bb6261c016c4bb9f30b56',NULL,'qwer2@gmail.com',NULL),('jyj_test','4d4f26369171994f3a46776ee2d88494fb9955800a5bb6261c016c4bb9f30b56',NULL,'qwer78@gmail.com',NULL),('jyj_test2','4d4f26369171994f3a46776ee2d88494fb9955800a5bb6261c016c4bb9f30b56',NULL,'qwer1234@gmail.com',NULL),('jyj_test3','4d4f26369171994f3a46776ee2d88494fb9955800a5bb6261c016c4bb9f30b56',NULL,'qwer789@gmail.com',NULL),('jyj_test4','4d4f26369171994f3a46776ee2d88494fb9955800a5bb6261c016c4bb9f30b56',NULL,'qwer123455@gmail.com',NULL),('onys','4d4f26369171994f3a46776ee2d88494fb9955800a5bb6261c016c4bb9f30b56',NULL,'qwer1@gmail.com',NULL),('seoha','4d4f26369171994f3a46776ee2d88494fb9955800a5bb6261c016c4bb9f30b56',NULL,'qwer6@gmail.com',NULL),('test1','4d4f26369171994f3a46776ee2d88494fb9955800a5bb6261c016c4bb9f30b56',NULL,'test1@test.com',NULL),('woori','4d4f26369171994f3a46776ee2d88494fb9955800a5bb6261c016c4bb9f30b56',NULL,'qwer3@gmail.com',NULL),('yj','4d4f26369171994f3a46776ee2d88494fb9955800a5bb6261c016c4bb9f30b56',NULL,'qwer741@gmail.com',NULL),('yujin','4d4f26369171994f3a46776ee2d88494fb9955800a5bb6261c016c4bb9f30b56',NULL,'qwer5@gmail.com',NULL),('yujin3','4d4f26369171994f3a46776ee2d88494fb9955800a5bb6261c016c4bb9f30b56',NULL,'qwer8@gmail.com',NULL),('yujin_test01','4d4f26369171994f3a46776ee2d88494fb9955800a5bb6261c016c4bb9f30b56',NULL,'qpzmas178@gmail.com',NULL),('귤','1b669de9fc32a47b3354bf9b903f80678647b07e32e095828256a274fffdbed3',NULL,'wrh95@naver.com',NULL),('김실험','72ab994fa2eb426c051ef59cad617750bfe06d7cf6311285ff79c19c32afd236',NULL,'test@test.com',NULL),('김유진','4d4f26369171994f3a46776ee2d88494fb9955800a5bb6261c016c4bb9f30b56',NULL,'yujin@ssafy.com',NULL),('김태호','aa2524a6d9dd7c130e16b198546a100869c34d10fac71542d57a81ba0c3010e9',NULL,'thkim2017@gmail.com',NULL),('이지순','4d4f26369171994f3a46776ee2d88494fb9955800a5bb6261c016c4bb9f30b56',NULL,'jisoon@ssafy.com',NULL),('이지현','168e1447d5af63506ace3b54108782ec1a926777877b47c97b305d96c26783a3',NULL,'wlgusg2@naver.com',NULL),('태호','4d4f26369171994f3a46776ee2d88494fb9955800a5bb6261c016c4bb9f30b56',NULL,'taeho@ssafy.com',NULL),('테스트','4d4f26369171994f3a46776ee2d88494fb9955800a5bb6261c016c4bb9f30b56',NULL,'test2@test.com',NULL);
/*!40000 ALTER TABLE `user` ENABLE KEYS */;
UNLOCK TABLES;

--
-- Table structure for table `washing_method`
--

DROP TABLE IF EXISTS `washing_method`;
/*!40101 SET @saved_cs_client     = @@character_set_client */;
/*!40101 SET character_set_client = utf8 */;
CREATE TABLE `washing_method` (
  `id` int(11) NOT NULL AUTO_INCREMENT,
  `method` varchar(200) DEFAULT NULL,
  PRIMARY KEY (`id`)
) ENGINE=InnoDB AUTO_INCREMENT=33 DEFAULT CHARSET=utf8mb4;
/*!40101 SET character_set_client = @saved_cs_client */;

--
-- Dumping data for table `washing_method`
--

LOCK TABLES `washing_method` WRITE;
/*!40000 ALTER TABLE `washing_method` DISABLE KEYS */;
INSERT INTO `washing_method` VALUES (1,'물 온도 95°C로 세탁-세탁기, 손세탁 가능-세제 종류 제한 없음-삶을 수 있음'),(2,'물 온도 60°C로 세탁-세탁기, 손세탁 가능-세제 종류 제한 없음'),(3,'물 온도 40°C로 세탁-세탁기, 손세탁 가능-세제 종류 제한 없음'),(4,'물 온도 40°C로 세탁-세탁기로 약하게 세탁-약하게 손세탁 가능-세제 종류 상관 없음'),(5,'물 온도 30°C로 세탁-세탁기로 약하게 세탁-약하게 손세탁 가능-중성세제 사용'),(6,'물 온도 30°C로 세탁-세탁기 사용 불가-약하게 손세탁 가능-중성세제 사용'),(7,'물세탁 안됨'),(8,'염소계 표백제로 표백'),(9,'염소계 표백제로 표백할 수 없음'),(10,'산소계 표백제로 표백'),(11,'산소계 표백제로 표백할 수 없음'),(12,'산소, 염소계 표백제로 표백'),(13,'산소, 염소계 표백제로 표백할 수 없음'),(14,'180~210°C로 다림질'),(15,'원단 위에 천을 덮고 180~210°C로 다림질'),(16,'140~160°C로 다림질'),(17,'원단 위에 천을 덮고 140~160°C로 다림질'),(18,'80~120°C로 다림질'),(19,'원단 위에 천을 덮고 80~120°C로 다림질'),(20,'다림질 할 수 없음'),(21,'손으로 약하게 짬'),(22,'손으로 짜면 안됨'),(23,'세탁 후 건조할 때 기계 건조 할 수 있음'),(24,'세탁 후 건조할 때 기계 건조 할 수 없음'),(25,'햇빛에 건조-옷걸이에 걸어서 건조'),(26,'그늘에 건조-옷걸이에 걸어서 건조'),(27,'햇빛에 건조-바닥에 뉘어서 건조'),(28,'그늘에 건조-바닥에 뉘어서 건조'),(29,'드라이클리닝 가능-용제는 클로로에틸렌 또는 석유계 사용'),(30,'드라이클리닝 가능-용제는 석유계 사용'),(31,'드라이클리닝 할 수 있으나 셀프 서비스는 할 수 없음 (전문점에서만 가능)'),(32,'드라이클리닝 불가함');
/*!40000 ALTER TABLE `washing_method` ENABLE KEYS */;
UNLOCK TABLES;
/*!40103 SET TIME_ZONE=@OLD_TIME_ZONE */;

/*!40101 SET SQL_MODE=@OLD_SQL_MODE */;
/*!40014 SET FOREIGN_KEY_CHECKS=@OLD_FOREIGN_KEY_CHECKS */;
/*!40014 SET UNIQUE_CHECKS=@OLD_UNIQUE_CHECKS */;
/*!40101 SET CHARACTER_SET_CLIENT=@OLD_CHARACTER_SET_CLIENT */;
/*!40101 SET CHARACTER_SET_RESULTS=@OLD_CHARACTER_SET_RESULTS */;
/*!40101 SET COLLATION_CONNECTION=@OLD_COLLATION_CONNECTION */;
/*!40111 SET SQL_NOTES=@OLD_SQL_NOTES */;

-- Dump completed on 2022-02-18  1:44:02
